time,n,test
2023-01-08T00:19:52.375880,0,True
2023-01-08T00:21:14.208463,42,True
2023-01-08T00:21:55.486678,0,False
2023-01-10T03:32:24.241681,2,True
2023-01-10T03:33:30.746965,1,True
2023-01-10T03:33:57.006277,1,True
2023-01-10T03:34:36.429153,2,True
2023-01-10T03:36:03.029865,2,True
2023-01-10T03:39:01.467706,1,True
2023-01-10T03:40:02.311847,1,True
2023-01-10T03:41:02.172549,2,True
2023-01-10T03:42:01.994881,1,True
2023-01-10T03:43:01.971270,1,True
2023-01-10T03:44:01.889324,1,True
2023-01-10T03:45:01.769134,1,True
2023-01-10T03:46:01.721495,2,True
2023-01-10T03:47:01.517752,1,True
2023-01-10T03:48:01.465995,1,True
2023-01-10T03:49:01.371177,1,True
2023-01-10T03:50:01.339057,1,True
2023-01-10T03:51:07.345531,2,True
2023-01-10T03:52:06.433040,1,True
2023-01-10T03:53:06.431558,1,True
2023-01-10T03:54:06.516945,1,True
2023-01-10T03:55:06.588333,2,True
2023-01-10T03:56:06.702282,1,True
2023-01-10T03:57:06.779497,1,True
2023-01-10T03:58:06.868409,1,True
2023-01-10T03:59:06.975741,1,True
2023-01-10T04:00:07.123875,2,True
2023-01-10T04:01:07.245367,1,True
2023-01-10T04:02:06.408400,1,True
2023-01-10T04:03:06.531755,1,True
2023-01-10T04:04:06.711137,1,True
2023-01-10T04:05:06.862334,2,True
2023-01-10T04:06:07.029578,1,True
2023-01-10T04:07:07.285925,1,True
2023-01-10T04:08:06.540808,1,True
2023-01-10T04:09:06.859376,1,True
2023-01-10T04:10:07.078321,2,True
2023-01-10T04:11:06.537088,1,True
2023-01-10T04:12:06.918991,1,True
2023-01-10T04:13:07.231115,1,True
2023-01-10T04:14:06.651426,1,True
2023-01-10T04:15:07.209903,2,True
2023-01-10T04:16:06.768688,1,True
2023-01-10T04:17:07.315364,1,True
2023-01-10T04:18:06.917356,1,True
2023-01-10T04:19:06.394479,1,True
2023-01-10T04:20:06.872015,2,True
2023-01-10T04:21:06.461228,1,True
2023-01-10T04:22:07.266181,1,True
2023-01-10T04:23:06.899836,1,True
2023-01-10T04:24:06.493110,1,True
2023-01-10T04:25:07.183108,2,True
2023-01-10T04:26:06.999236,1,True
2023-01-10T04:27:06.931505,1,True
2023-01-10T04:28:06.766615,1,True
2023-01-10T04:29:06.708701,1,True
2023-01-10T04:30:06.692493,2,True
2023-01-10T04:31:06.795561,1,True
2023-01-10T04:32:06.972371,1,True
2023-01-10T04:33:07.064700,1,True
2023-01-10T04:34:07.226082,1,True
2023-01-10T04:35:07.309208,2,True
2023-01-10T04:36:06.641221,1,True
2023-01-10T04:37:07.031564,1,True
2023-01-10T04:38:06.439276,1,True
2023-01-10T04:39:06.754225,1,True
2023-01-10T04:40:07.060850,2,True
2023-01-10T04:41:06.447118,1,True
2023-01-10T04:42:06.880562,1,True
2023-01-10T04:43:06.353789,1,True
2023-01-10T04:44:06.995416,1,True
2023-01-10T04:45:06.490470,2,True
2023-01-10T04:46:07.019157,1,True
2023-01-10T04:47:06.679732,1,True
2023-01-10T04:48:06.375426,1,True
2023-01-10T04:49:07.084558,1,True
2023-01-10T04:50:06.861038,2,True
2023-01-10T04:51:06.729885,1,True
2023-01-10T04:52:06.625878,1,True
2023-01-10T04:53:06.436191,1,True
2023-01-10T04:54:07.181278,1,True
2023-01-10T04:55:06.970294,2,True
2023-01-10T04:56:06.829725,1,True
2023-01-10T04:57:06.724778,1,True
2023-01-10T04:58:06.636086,1,True
2023-01-10T04:59:06.609089,1,True
2023-01-10T05:00:06.517752,2,True
2023-01-10T05:01:06.545164,1,True
2023-01-10T05:02:06.568702,1,True
2023-01-10T05:03:06.551600,1,True
2023-01-10T05:04:06.574189,1,True
2023-01-10T05:05:06.541086,2,True
2023-01-10T05:06:06.617387,1,True
2023-01-10T05:07:06.725816,1,True
2023-01-10T05:08:06.678393,1,True
2023-01-10T05:09:06.795789,1,True
2023-01-10T05:10:06.928990,2,True
2023-01-10T05:11:07.151073,1,True
2023-01-10T05:12:06.519750,1,True
2023-01-10T05:13:06.951354,1,True
2023-01-10T05:14:06.316502,1,True
2023-01-10T05:15:06.645473,2,True
2023-01-10T05:16:07.168558,1,True
2023-01-10T05:17:06.349258,1,True
2023-01-10T05:18:07.030080,1,True
2023-01-10T05:19:06.477311,1,True
2023-01-10T05:20:06.922546,2,True
2023-01-10T05:21:06.350074,1,True
2023-01-10T05:22:07.016065,1,True
2023-01-10T05:23:06.767979,1,True
2023-01-10T05:24:06.386739,1,True
2023-01-10T05:25:06.259919,2,True
2023-01-10T05:26:07.027210,1,True
2023-01-10T05:27:07.036555,1,True
2023-01-10T05:28:06.817949,1,True
2023-01-10T05:29:06.655434,1,True
2023-01-10T05:30:06.379621,2,True
2023-01-10T05:31:07.090071,1,True
2023-01-10T05:32:06.815730,1,True
2023-01-10T05:33:06.734461,1,True
2023-01-10T05:34:06.633368,1,True
2023-01-10T05:35:06.619906,2,True
2023-01-10T05:36:06.663311,1,True
2023-01-10T05:37:06.514602,1,True
2023-01-10T05:38:06.557696,1,True
2023-01-10T05:39:06.460026,1,True
2023-01-10T05:40:06.654826,2,True
2023-01-10T05:41:06.961075,1,True
2023-01-10T05:42:07.135681,1,True
2023-01-10T05:43:07.218343,1,True
2023-01-10T05:44:06.715848,1,True
2023-01-10T05:45:07.199642,2,True
2023-01-10T05:46:06.777073,1,True
2023-01-10T05:47:06.893567,1,True
2023-01-10T05:48:06.399468,1,True
2023-01-10T05:49:06.530218,1,True
2023-01-10T05:50:07.095222,2,True
2023-01-10T05:51:06.424035,1,True
2023-01-10T05:52:07.042645,1,True
2023-01-10T05:53:06.977195,1,True
2023-01-10T05:54:06.708004,1,True
2023-01-10T05:55:06.750098,2,True
2023-01-10T05:56:06.917480,1,True
2023-01-10T05:57:06.455431,1,True
2023-01-10T05:58:06.444421,1,True
2023-01-10T05:59:06.641912,1,True
2023-01-10T06:00:06.811054,2,True
2023-01-10T06:01:06.337044,1,True
2023-01-10T06:02:06.856310,1,True
2023-01-10T06:03:07.015441,1,True
2023-01-10T06:04:07.230256,1,True
2023-01-10T06:05:06.694450,2,True
2023-01-10T06:06:06.706946,1,True
2023-01-10T06:07:06.742596,1,True
2023-01-10T06:08:06.706740,1,True
2023-01-10T06:09:07.168067,1,True
2023-01-10T06:10:07.021175,2,True
2023-01-10T06:11:07.043396,1,True
2023-01-10T06:12:06.831622,1,True
2023-01-10T06:13:06.505338,1,True
2023-01-10T06:14:06.361798,1,True
2023-01-10T06:15:07.074859,2,True
2023-01-10T06:16:06.872062,1,True
2023-01-10T06:17:06.820808,1,True
2023-01-10T06:18:06.590272,1,True
2023-01-10T06:19:07.061323,1,True
2023-01-10T06:20:06.917783,2,True
2023-01-10T06:21:06.710235,1,True
2023-01-10T06:22:06.296534,1,True
2023-01-10T06:23:06.810980,1,True
2023-01-10T06:24:06.581987,1,True
2023-01-10T06:25:06.363660,2,True
2023-01-10T06:26:07.026408,1,True
2023-01-10T06:27:06.272119,1,True
2023-01-10T06:28:06.831914,1,True
2023-01-10T06:29:06.421579,1,True
2023-01-10T06:30:07.100943,2,True
2023-01-10T06:31:06.704791,1,True
2023-01-10T06:32:06.248775,1,True
2023-01-10T06:33:06.784439,1,True
2023-01-10T06:34:06.380209,1,True
2023-01-10T06:35:06.977097,2,True
2023-01-10T06:36:06.624635,1,True
2023-01-10T06:37:06.421606,1,True
2023-01-10T06:38:06.298091,1,True
2023-01-10T06:39:06.694761,1,True
2023-01-10T06:40:07.177063,2,True
2023-01-10T06:41:06.687424,1,True
2023-01-10T06:42:06.738146,1,True
2023-01-10T06:43:06.821242,1,True
2023-01-10T06:44:06.379027,1,True
2023-01-10T06:45:06.919756,2,True
2023-01-10T06:46:06.607839,1,True
2023-01-10T06:47:07.239370,1,True
2023-01-10T06:48:06.780708,1,True
2023-01-10T06:49:06.551113,1,True
2023-01-10T06:50:07.260582,2,True
2023-01-10T06:51:06.946740,1,True
2023-01-10T06:52:06.803589,1,True
2023-01-10T06:53:06.766196,1,True
2023-01-10T06:54:06.395191,1,True
2023-01-10T06:55:06.337052,1,True
2023-01-10T06:56:06.285019,1,True
2023-01-10T06:57:07.092758,1,True
2023-01-10T06:58:06.793784,1,True
2023-01-10T06:59:06.703263,1,True
2023-01-10T07:00:06.639723,1,True
2023-01-10T07:01:06.379152,1,True
2023-01-10T07:02:06.554676,1,True
2023-01-10T07:03:07.213820,1,True
2023-01-10T07:04:06.767661,1,True
2023-01-10T07:05:06.617375,2,True
2023-01-10T07:06:06.551766,1,True
2023-01-10T07:07:07.142509,1,True
2023-01-10T07:08:06.749983,1,True
2023-01-10T07:09:07.190329,1,True
2023-01-10T07:10:06.783547,2,True
2023-01-10T07:11:06.419280,1,True
2023-01-10T07:12:06.959578,1,True
2023-01-10T07:13:06.467801,1,True
2023-01-10T07:14:07.170177,1,True
2023-01-10T07:15:06.962435,2,True
2023-01-10T07:16:06.374329,1,True
2023-01-10T07:17:07.092000,1,True
2023-01-10T07:18:06.729219,1,True
2023-01-10T07:19:06.644200,1,True
2023-01-10T07:20:07.027070,2,True
2023-01-10T07:21:06.515766,1,True
2023-01-10T07:22:07.211767,1,True
2023-01-10T07:23:06.762085,1,True
2023-01-10T07:24:06.316282,1,True
2023-01-10T07:25:06.971099,2,True
2023-01-10T07:26:06.582036,1,True
2023-01-10T07:27:07.035074,1,True
2023-01-10T07:28:06.493364,1,True
2023-01-10T07:29:07.021739,1,True
2023-01-10T07:30:06.710574,2,True
2023-01-10T07:31:06.407382,1,True
2023-01-10T07:32:06.988058,1,True
2023-01-10T07:33:06.897407,1,True
2023-01-10T07:34:06.819848,1,True
2023-01-10T07:35:06.601945,2,True
2023-01-10T07:36:07.225308,1,True
2023-01-10T07:37:06.848492,1,True
2023-01-10T07:38:06.515260,1,True
2023-01-10T07:39:06.421193,1,True
2023-01-10T07:40:06.492674,2,True
2023-01-10T07:41:06.469446,1,True
2023-01-10T07:42:07.235574,1,True
2023-01-10T07:43:07.175686,1,True
2023-01-10T07:44:06.697579,1,True
2023-01-10T07:45:06.353628,1,True
2023-01-10T07:46:06.908034,1,True
2023-01-10T07:47:06.446639,1,True
2023-01-10T07:48:06.972337,1,True
2023-01-10T07:49:06.587556,1,True
2023-01-10T07:50:06.291488,1,True
2023-01-10T07:51:06.986028,1,True
2023-01-10T07:52:06.987002,1,True
2023-01-10T07:53:06.795085,1,True
2023-01-10T07:54:06.993822,1,True
2023-01-10T07:55:07.201753,1,True
2023-01-10T07:56:06.606280,1,True
2023-01-10T07:57:07.097602,1,True
2023-01-10T07:58:06.826615,1,True
2023-01-10T07:59:06.647469,1,True
2023-01-10T08:00:06.319259,2,True
2023-01-10T08:01:07.120562,1,True
2023-01-10T08:02:06.882366,1,True
2023-01-10T08:03:07.260262,1,True
2023-01-10T08:04:06.678080,1,True
2023-01-10T08:05:06.359537,1,True
2023-01-10T08:06:07.010954,1,True
2023-01-10T08:07:06.534880,1,True
2023-01-10T08:08:06.976662,1,True
2023-01-10T08:09:06.534043,1,True
2023-01-10T08:10:07.025404,1,True
2023-01-10T08:11:06.367361,1,True
2023-01-10T08:12:07.204429,1,True
2023-01-10T08:13:06.529684,1,True
2023-01-10T08:14:06.978405,1,True
2023-01-10T08:15:06.778585,2,True
2023-01-10T08:16:06.544694,1,True
2023-01-10T08:17:06.971947,1,True
2023-01-10T08:18:06.688342,1,True
2023-01-10T08:19:06.631676,1,True
2023-01-10T08:20:06.306169,1,True
2023-01-10T08:21:06.577976,1,True
2023-01-10T08:22:06.307364,1,True
2023-01-10T08:23:07.130449,1,True
2023-01-10T08:24:06.822249,1,True
2023-01-10T08:25:06.440808,1,True
2023-01-10T08:26:07.065833,1,True
2023-01-10T08:27:06.830012,1,True
2023-01-10T08:28:06.620299,1,True
2023-01-10T08:29:07.079612,1,True
2023-01-10T08:30:06.747357,1,True
2023-01-10T08:31:06.317131,1,True
2023-01-10T08:32:06.828040,1,True
2023-01-10T08:33:06.486255,1,True
2023-01-10T08:34:07.099741,1,True
2023-01-10T08:35:06.492354,1,True
2023-01-10T08:36:07.115797,1,True
2023-01-10T08:37:06.574988,1,True
2023-01-10T08:38:07.054392,1,True
2023-01-10T08:39:06.529197,1,True
2023-01-10T08:40:06.417855,1,True
2023-01-10T08:41:07.227061,1,True
2023-01-10T08:42:07.144039,1,True
2023-01-10T08:43:06.781710,1,True
2023-01-10T08:44:06.779837,1,True
2023-01-10T08:45:06.546919,1,True
2023-01-10T08:46:06.490710,1,True
2023-01-10T08:47:07.278010,1,True
2023-01-10T08:48:07.033940,1,True
2023-01-10T08:49:06.491561,1,True
2023-01-10T08:50:06.592160,1,True
2023-01-10T08:51:06.620158,1,True
2023-01-10T08:52:06.427541,1,True
2023-01-10T08:53:07.221872,1,True
2023-01-10T08:54:06.853990,1,True
2023-01-10T08:55:06.728891,1,True
2023-01-10T08:56:07.130984,1,True
2023-01-10T08:57:07.094424,1,True
2023-01-10T08:58:07.003529,1,True
2023-01-10T08:59:06.718215,1,True
2023-01-10T09:00:06.364544,2,True
2023-01-10T09:01:06.839993,1,True
2023-01-10T09:02:06.439030,1,True
2023-01-10T09:03:06.435595,1,True
2023-01-10T09:04:07.014391,1,True
2023-01-10T09:05:06.763347,1,True
2023-01-10T09:06:06.599513,1,True
2023-01-10T09:07:06.429958,1,True
2023-01-10T09:08:06.575886,1,True
2023-01-10T09:09:06.539602,1,True
2023-01-10T09:10:07.061756,1,True
2023-01-10T09:11:07.140587,1,True
2023-01-10T09:12:06.680255,1,True
2023-01-10T09:13:06.476508,1,True
2023-01-10T09:14:07.180418,1,True
2023-01-10T09:15:07.079788,1,True
2023-01-10T09:16:07.071990,1,True
2023-01-10T09:17:06.526092,1,True
2023-01-10T09:18:07.199739,1,True
2023-01-10T09:19:06.998129,1,True
2023-01-10T09:20:06.850832,1,True
2023-01-10T09:21:06.404990,1,True
2023-01-10T09:22:07.237363,1,True
2023-01-10T09:23:06.884049,1,True
2023-01-10T09:24:06.518292,1,True
2023-01-10T09:25:06.364265,1,True
2023-01-10T09:26:07.098789,1,True
2023-01-10T09:27:06.651601,1,True
2023-01-10T09:28:06.274988,1,True
2023-01-10T09:29:06.884068,1,True
2023-01-10T09:30:06.487340,1,True
2023-01-10T09:31:07.273966,1,True
2023-01-10T09:32:06.888519,1,True
2023-01-10T09:33:06.353328,1,True
2023-01-10T09:34:06.861392,1,True
2023-01-10T09:35:07.155680,1,True
2023-01-10T09:36:06.522471,1,True
2023-01-10T09:37:07.021584,1,True
2023-01-10T09:38:06.728397,1,True
2023-01-10T09:39:06.612644,1,True
2023-01-10T09:40:06.540351,1,True
2023-01-10T09:41:06.378322,1,True
2023-01-10T09:42:06.954290,1,True
2023-01-10T09:43:06.807773,1,True
2023-01-10T09:44:06.522850,1,True
2023-01-10T09:45:06.489459,1,True
2023-01-10T09:46:07.183113,1,True
2023-01-10T09:47:06.794258,1,True
2023-01-10T09:48:06.978905,1,True
2023-01-10T09:49:06.975288,1,True
2023-01-10T09:50:06.718882,1,True
2023-01-10T09:51:07.238875,1,True
2023-01-10T09:52:06.913819,1,True
2023-01-10T09:53:06.524402,1,True
2023-01-10T09:54:06.520744,1,True
2023-01-10T09:55:06.398252,1,True
2023-01-10T09:56:07.208495,1,True
2023-01-10T09:57:07.161389,1,True
2023-01-10T09:58:07.024604,1,True
2023-01-10T09:59:07.191817,1,True
2023-01-10T10:00:06.357291,1,True
2023-01-10T10:01:06.742816,1,True
2023-01-10T10:02:06.321813,1,True
2023-01-10T12:16:07.055965,0,True
2023-01-10T12:17:06.434979,0,True
2023-01-10T12:18:06.802377,0,True
2023-01-10T12:19:07.175324,0,True
2023-01-10T12:20:06.448251,0,True
2023-01-10T12:21:06.726574,0,True
2023-01-10T12:22:07.017673,0,True
2023-01-10T12:23:06.328561,0,True
2023-01-10T12:24:06.558540,0,True
2023-01-10T12:25:06.858800,1,True
2023-01-10T12:26:06.819713,1,True
2023-01-10T12:27:06.776206,1,True
2023-01-10T12:28:06.676953,1,True
2023-01-10T12:29:06.564983,1,True
2023-01-10T12:30:06.452245,2,True
2023-01-10T12:31:06.292952,1,True
2023-01-10T12:32:07.106393,1,True
2023-01-10T12:33:06.943058,1,True
2023-01-10T12:34:06.751910,1,True
2023-01-10T12:35:06.630260,2,True
2023-01-10T12:36:06.734521,1,True
2023-01-10T12:37:06.682612,1,True
2023-01-10T12:38:06.707564,1,True
2023-01-10T12:39:06.762291,1,True
2023-01-10T12:40:06.845753,2,True
2023-01-10T12:41:06.973770,1,True
2023-01-10T12:42:07.282272,1,True
2023-01-10T12:43:06.444563,1,True
2023-01-10T12:44:06.584857,1,True
2023-01-10T12:45:06.751171,2,True
2023-01-10T12:46:06.804603,1,True
2023-01-10T12:47:07.290541,1,True
2023-01-10T12:48:06.495570,1,True
2023-01-10T12:49:06.725525,1,True
2023-01-10T12:50:07.194528,2,True
2023-01-10T12:51:06.592514,1,True
2023-01-10T12:52:06.907114,1,True
2023-01-10T12:53:06.414882,1,True
2023-01-10T12:54:06.618428,1,True
2023-01-10T12:55:06.997592,2,True
2023-01-10T12:56:07.359909,1,True
2023-01-10T12:57:06.649310,1,True
2023-01-10T12:58:07.013121,1,True
2023-01-10T12:59:07.393013,1,True
2023-01-10T13:00:06.853064,2,True
2023-01-10T13:01:07.250321,1,True
2023-01-10T13:02:06.657508,1,True
2023-01-10T13:03:07.052749,1,True
2023-01-10T13:04:06.414027,1,True
2023-01-10T13:05:06.910199,2,True
2023-01-10T13:06:07.322602,1,True
2023-01-10T13:07:07.238807,1,True
2023-01-10T13:08:06.879909,1,True
2023-01-10T13:09:07.337095,1,True
2023-01-10T13:10:06.837303,2,True
2023-01-10T13:11:06.824615,1,True
2023-01-10T13:12:06.436720,1,True
2023-01-10T13:13:07.148698,1,True
2023-01-10T13:14:06.867625,1,True
2023-01-10T13:15:06.666727,2,True
2023-01-10T13:16:07.016025,1,True
2023-01-10T13:17:06.447340,1,True
2023-01-10T13:18:07.027138,1,True
2023-01-10T13:19:07.194572,1,True
2023-01-10T13:20:06.479669,2,True
2023-01-10T13:21:06.502820,1,True
2023-01-10T13:22:06.766672,1,True
2023-01-10T13:23:07.082372,1,True
2023-01-10T13:24:07.083948,1,True
2023-01-10T13:25:07.364410,2,True
2023-01-10T13:26:06.789550,1,True
2023-01-10T13:27:06.844701,1,True
2023-01-10T13:28:07.327811,1,True
2023-01-10T13:29:06.581605,1,True
2023-01-10T13:30:07.513840,2,True
2023-01-10T13:31:07.149623,1,True
2023-01-10T13:32:07.408812,1,True
2023-01-10T13:33:07.287931,1,True
2023-01-10T13:34:06.892166,1,True
2023-01-10T13:35:07.306930,2,True
2023-01-10T13:36:06.884506,1,True
2023-01-10T13:37:07.265784,1,True
2023-01-10T13:38:06.990654,1,True
2023-01-10T13:39:07.353908,1,True
2023-01-10T13:40:07.040632,2,True
2023-01-10T13:41:07.278670,1,True
2023-01-10T13:42:06.978887,1,True
2023-01-10T13:43:07.082746,1,True
2023-01-10T13:44:06.899457,1,True
2023-01-10T13:45:07.164598,2,True
2023-01-10T13:46:07.083145,1,True
2023-01-10T13:47:07.076280,1,True
2023-01-10T13:48:06.642443,1,True
2023-01-10T13:49:06.676288,1,True
2023-01-10T13:50:06.804477,2,True
2023-01-10T13:51:06.614523,1,True
2023-01-10T13:52:07.217808,1,True
2023-01-10T13:53:06.456991,1,True
2023-01-10T13:54:06.639251,1,True
2023-01-10T13:55:06.967361,2,True
2023-01-10T13:56:07.101277,1,True
2023-01-10T13:57:07.362155,1,True
2023-01-10T13:58:07.200426,1,True
2023-01-10T13:59:06.544895,1,True
2023-01-10T14:00:06.707826,2,True
2023-01-10T14:01:07.411371,1,True
2023-01-10T14:02:06.602997,1,True
2023-01-10T14:03:07.161674,1,True
2023-01-10T14:04:06.910034,1,True
2023-01-10T14:05:06.594063,2,True
2023-01-10T14:06:06.559077,1,True
2023-01-10T14:07:07.196005,1,True
2023-01-10T14:08:06.865606,1,True
2023-01-10T14:09:06.509863,1,True
2023-01-10T14:10:07.109458,2,True
2023-01-10T14:11:07.335102,1,True
2023-01-10T14:12:07.254775,1,True
2023-01-10T14:13:06.571127,1,True
2023-01-10T14:14:06.939486,1,True
2023-01-10T14:15:07.251108,2,True
2023-01-10T14:16:07.022796,1,True
2023-01-10T14:17:06.957022,1,True
2023-01-10T14:18:07.066921,1,True
2023-01-10T14:19:06.802133,1,True
2023-01-10T14:20:07.793975,2,True
2023-01-10T14:21:07.350543,1,True
2023-01-10T14:22:07.486163,1,True
2023-01-10T14:23:07.378352,1,True
2023-01-10T14:24:07.065069,1,True
2023-01-10T14:25:06.976525,2,True
2023-01-10T14:26:07.444525,1,True
2023-01-10T14:27:07.019353,1,True
2023-01-10T14:28:08.367393,1,True
2023-01-10T14:29:07.361424,1,True
2023-01-10T14:30:07.116875,2,True
2023-01-10T14:31:07.663685,1,True
2023-01-10T14:32:07.391767,1,True
2023-01-10T14:33:06.975893,1,True
2023-01-10T14:34:07.370484,1,True
2023-01-10T14:35:07.428219,2,True
2023-01-10T14:36:07.382510,1,True
2023-01-10T14:37:07.652586,1,True
2023-01-10T14:38:06.907169,1,True
2023-01-10T14:39:07.798012,1,True
2023-01-10T14:40:07.460945,2,True
2023-01-10T14:41:08.018968,1,True
2023-01-10T14:42:06.812468,1,True
2023-01-10T14:43:07.586475,1,True
2023-01-10T14:44:07.507017,1,True
2023-01-10T14:45:07.018612,2,True
2023-01-10T14:46:06.595628,1,True
2023-01-10T14:47:07.418951,1,True
2023-01-10T14:48:06.906153,1,True
2023-01-10T14:49:07.496402,1,True
2023-01-10T14:50:06.831687,2,True
2023-01-10T14:51:07.195967,1,True
2023-01-10T14:52:07.244007,1,True
2023-01-10T14:53:07.340023,1,True
2023-01-10T14:54:07.410218,1,True
2023-01-10T14:55:07.454304,2,True
2023-01-10T14:56:07.439931,1,True
2023-01-10T14:57:06.740975,1,True
2023-01-10T14:58:07.437458,1,True
2023-01-10T14:59:07.202097,1,True
2023-01-10T15:00:06.790145,2,True
2023-01-10T15:01:06.610703,1,True
2023-01-10T15:02:06.530606,1,True
2023-01-10T15:03:07.097228,1,True
2023-01-10T15:04:07.037479,1,True
2023-01-10T15:05:07.374073,2,True
2023-01-10T15:06:06.865374,1,True
2023-01-10T15:07:07.341844,1,True
2023-01-10T15:08:07.173349,1,True
2023-01-10T15:09:07.234767,1,True
2023-01-10T15:10:06.487815,2,True
2023-01-10T15:11:07.164124,1,True
2023-01-10T15:12:06.622922,1,True
2023-01-10T15:13:06.825458,1,True
2023-01-10T15:14:06.435561,1,True
2023-01-10T15:15:06.447919,2,True
2023-01-10T15:16:06.818718,1,True
2023-01-10T15:17:06.694123,1,True
2023-01-10T15:18:06.681367,1,True
2023-01-10T15:19:06.331107,1,True
2023-01-10T15:20:06.553925,2,True
2023-01-10T15:21:06.685904,1,True
2023-01-10T15:22:06.593672,1,True
2023-01-10T15:23:06.483347,1,True
2023-01-10T15:24:06.919322,1,True
2023-01-10T15:25:07.125578,2,True
2023-01-10T15:26:06.970471,1,True
2023-01-10T15:27:07.178272,1,True
2023-01-10T15:28:06.597106,1,True
2023-01-10T15:29:07.127069,1,True
2023-01-10T15:30:06.456223,2,True
2023-01-10T15:31:06.658505,1,True
2023-01-10T15:32:06.939253,1,True
2023-01-10T15:33:06.728957,1,True
2023-01-10T15:34:06.778085,1,True
2023-01-10T15:35:06.331361,2,True
2023-01-10T15:36:06.658652,1,True
2023-01-10T15:37:07.222326,1,True
2023-01-10T15:38:06.723792,1,True
2023-01-10T15:39:07.254909,1,True
2023-01-10T15:40:06.362128,2,True
2023-01-10T15:41:06.555036,1,True
2023-01-10T15:42:06.754319,1,True
2023-01-10T15:43:07.178154,1,True
2023-01-10T15:44:06.646816,1,True
2023-01-10T15:45:07.066314,2,True
2023-01-10T15:46:06.731187,1,True
2023-01-10T15:47:06.989152,1,True
2023-01-10T15:48:06.450562,1,True
2023-01-10T15:49:06.856694,1,True
2023-01-10T15:50:06.361397,2,True
2023-01-10T15:51:07.047175,1,True
2023-01-10T15:52:06.916212,1,True
2023-01-10T15:53:06.805212,1,True
2023-01-10T15:54:06.974557,1,True
2023-01-10T15:55:06.381245,1,True
2023-01-10T15:56:06.965433,1,True
2023-01-10T15:57:06.621462,1,True
2023-01-10T15:58:07.254647,1,True
2023-01-10T15:59:06.735150,1,True
2023-01-10T16:00:07.109463,1,True
2023-01-10T16:01:07.002306,1,True
2023-01-10T16:02:06.364579,1,True
2023-01-10T16:03:06.720903,1,True
2023-01-10T16:04:06.422375,1,True
2023-01-10T16:05:06.921837,2,True
2023-01-10T16:06:06.818199,1,True
2023-01-10T16:07:06.681149,1,True
2023-01-10T16:08:06.743001,1,True
2023-01-10T16:09:06.503366,1,True
2023-01-10T16:10:06.768237,2,True
2023-01-10T16:11:07.107317,1,True
2023-01-10T16:12:06.680032,1,True
2023-01-10T16:13:06.767167,1,True
2023-01-10T16:14:07.087364,1,True
2023-01-10T16:15:06.793134,2,True
2023-01-10T16:16:07.120853,1,True
2023-01-10T16:17:06.649068,1,True
2023-01-10T16:18:06.877146,1,True
2023-01-10T16:19:06.734494,1,True
2023-01-10T16:20:07.221481,2,True
2023-01-10T16:21:06.887152,1,True
2023-01-10T16:22:06.706219,1,True
2023-01-10T16:23:07.181116,1,True
2023-01-10T16:24:06.920571,1,True
2023-01-10T16:25:06.454784,2,True
2023-01-10T16:26:07.027115,1,True
2023-01-10T16:27:06.578749,1,True
2023-01-10T16:28:07.217711,1,True
2023-01-10T16:29:06.676438,1,True
2023-01-10T16:30:07.101550,2,True
2023-01-10T16:31:06.739501,1,True
2023-01-10T16:32:07.171757,1,True
2023-01-10T16:33:06.720569,1,True
2023-01-10T16:34:06.459774,1,True
2023-01-10T16:35:06.967055,2,True
2023-01-10T16:36:06.727647,1,True
2023-01-10T16:37:07.006241,1,True
2023-01-10T16:38:07.051843,1,True
2023-01-10T16:39:06.894840,1,True
2023-01-10T16:40:06.781065,2,True
2023-01-10T16:41:06.594873,1,True
2023-01-10T16:42:06.409402,1,True
2023-01-10T16:43:06.400462,1,True
2023-01-10T16:44:06.699068,1,True
2023-01-10T16:45:06.817188,1,True
2023-01-10T16:46:06.359949,1,True
2023-01-10T16:47:07.257679,1,True
2023-01-10T16:48:06.958265,1,True
2023-01-10T16:49:06.916658,1,True
2023-01-10T16:50:07.275840,1,True
2023-01-10T16:51:07.195591,1,True
2023-01-10T16:52:06.355524,1,True
2023-01-10T16:53:06.925147,1,True
2023-01-10T16:54:06.336408,1,True
2023-01-10T16:55:06.369810,1,True
2023-01-10T16:56:07.196997,1,True
2023-01-10T16:57:06.965061,1,True
2023-01-10T16:58:06.991397,1,True
2023-01-10T16:59:06.670352,1,True
2023-01-10T17:00:06.796526,2,True
2023-01-10T17:01:06.914047,1,True
2023-01-10T17:02:07.331507,1,True
2023-01-10T17:03:06.993864,1,True
2023-01-10T17:04:06.756547,1,True
2023-01-10T17:05:07.122481,1,True
2023-01-10T17:06:07.252609,1,True
2023-01-10T17:07:07.264630,1,True
2023-01-10T17:08:06.902933,1,True
2023-01-10T17:09:07.318603,1,True
2023-01-10T17:10:06.886904,1,True
2023-01-10T17:11:06.463217,1,True
2023-01-10T17:12:06.723456,1,True
2023-01-10T17:13:06.660662,1,True
2023-01-10T17:14:06.341419,1,True
2023-01-10T17:15:06.975389,2,True
2023-01-10T17:16:06.926032,1,True
2023-01-10T17:17:07.202132,1,True
2023-01-10T17:18:06.960252,1,True
2023-01-10T17:19:06.329938,1,True
2023-01-10T17:20:07.110367,1,True
2023-01-10T17:21:07.293035,1,True
2023-01-10T17:22:06.391065,1,True
2023-01-10T17:23:07.308769,1,True
2023-01-10T17:24:06.398491,1,True
2023-01-10T17:25:06.883289,1,True
2023-01-10T17:26:06.714357,1,True
2023-01-10T17:27:06.827004,1,True
2023-01-10T17:28:07.040448,1,True
2023-01-10T17:29:06.822846,1,True
2023-01-10T17:30:07.045454,1,True
2023-01-10T17:31:07.066367,1,True
2023-01-10T17:32:07.151232,1,True
2023-01-10T17:33:06.401545,1,True
2023-01-10T17:34:07.265082,1,True
2023-01-10T17:35:06.346906,1,True
2023-01-10T17:36:06.817371,1,True
2023-01-10T17:37:07.280498,1,True
2023-01-10T17:38:06.603005,1,True
2023-01-10T17:39:06.467336,1,True
2023-01-10T17:40:06.877405,1,True
2023-01-10T17:41:06.429428,1,True
2023-01-10T17:42:06.374895,1,True
2023-01-10T17:43:06.726486,1,True
2023-01-10T17:44:06.600487,1,True
2023-01-10T17:45:07.256296,1,True
2023-01-10T17:46:06.602786,1,True
2023-01-10T17:47:06.487765,1,True
2023-01-10T17:48:07.160681,1,True
2023-01-10T17:49:06.567096,1,True
2023-01-10T17:50:06.961513,1,True
2023-01-10T17:51:06.894668,1,True
2023-01-10T17:52:07.217578,1,True
2023-01-10T17:53:06.499543,1,True
2023-01-10T17:54:07.202735,1,True
2023-01-10T17:55:06.479498,1,True
2023-01-10T17:56:06.654926,1,True
2023-01-10T17:57:06.858262,1,True
2023-01-10T17:58:06.359391,1,True
2023-01-10T17:59:06.979698,1,True
2023-01-10T18:00:06.684546,2,True
2023-01-10T18:01:06.427784,1,True
2023-01-10T18:02:06.786254,1,True
2023-01-10T18:03:06.334906,1,True
2023-01-10T18:04:06.361166,1,True
2023-01-10T18:05:06.927008,1,True
2023-01-10T18:06:07.280757,1,True
2023-01-10T18:07:06.981186,1,True
2023-01-10T18:08:07.029369,1,True
2023-01-10T18:09:06.374689,1,True
2023-01-10T18:10:06.938964,1,True
2023-01-10T18:11:06.463699,1,True
2023-01-10T18:12:07.235066,1,True
2023-01-10T18:13:06.735128,1,True
2023-01-10T18:14:06.834688,1,True
2023-01-10T18:15:06.459882,1,True
2023-01-10T18:16:06.755071,1,True
2023-01-10T18:17:06.571601,1,True
2023-01-10T18:18:06.966818,1,True
2023-01-10T18:19:06.758870,1,True
2023-01-10T18:20:06.582107,1,True
2023-01-10T18:21:06.654886,1,True
2023-01-10T18:22:07.292681,1,True
2023-01-10T18:23:06.723574,1,True
2023-01-10T18:24:07.214744,1,True
2023-01-10T18:25:06.629368,1,True
2023-01-10T18:26:06.565741,1,True
2023-01-10T18:27:06.365336,1,True
2023-01-10T18:28:07.076651,1,True
2023-01-10T18:29:06.662549,1,True
2023-01-10T18:30:07.277934,1,True
2023-01-10T18:31:06.980880,1,True
2023-01-10T18:32:06.358727,1,True
2023-01-10T18:33:06.994426,1,True
2023-01-10T18:34:06.448148,1,True
2023-01-10T18:35:06.971547,1,True
2023-01-10T18:36:06.637343,1,True
2023-01-10T18:37:06.528436,1,True
2023-01-10T18:38:07.289625,1,True
2023-01-10T18:39:06.586132,1,True
2023-01-10T18:40:06.820203,1,True
2023-01-10T18:41:07.268744,1,True
2023-01-10T18:42:06.372319,1,True
2023-01-10T18:43:06.708474,1,True
2023-01-10T18:44:06.418993,1,True
2023-01-10T18:45:06.395531,1,True
2023-01-10T18:46:07.137473,1,True
2023-01-10T18:47:06.922172,1,True
2023-01-10T18:48:06.793565,1,True
2023-01-10T18:49:07.075575,1,True
2023-01-10T18:50:06.942545,1,True
2023-01-10T18:51:06.722410,1,True
2023-01-10T18:52:06.365720,1,True
2023-01-10T18:53:06.499990,1,True
2023-01-12T15:08:06.355001,0,True
2023-01-12T15:09:06.763387,0,True
2023-01-12T15:10:07.052320,0,True
2023-01-12T15:11:06.863295,10,True
2023-01-12T15:12:06.922132,1,True
2023-01-12T15:13:06.365822,0,True
2023-01-12T15:14:06.307330,0,True
2023-01-12T15:16:07.205149,0,True
2023-01-12T15:17:06.867571,0,True
2023-01-12T15:18:07.323891,0,True
2023-01-12T15:19:07.067839,0,True
2023-01-12T15:20:07.184777,0,True
2023-01-12T15:21:07.083954,0,True
2023-01-12T15:22:07.172211,0,True
2023-01-12T15:23:06.762728,0,True
2023-01-12T15:24:07.972204,0,True
2023-01-12T15:25:07.441171,1,True
2023-01-12T15:26:06.904065,1,True
2023-01-12T15:27:06.907555,1,True
2023-01-12T15:28:06.711796,1,True
2023-01-12T15:29:06.979821,1,True
2023-01-12T15:30:06.949835,2,True
2023-01-12T15:31:06.887515,1,True
2023-01-12T15:32:06.785390,1,True
2023-01-12T15:33:07.524329,1,True
2023-01-12T15:34:06.726718,1,True
2023-01-12T15:35:07.579625,2,True
2023-01-12T15:36:07.006343,1,True
2023-01-12T15:37:06.859541,1,True
2023-01-12T15:38:06.757762,1,True
2023-01-12T15:39:07.351180,1,True
2023-01-12T15:40:07.551592,2,True
2023-01-12T15:41:07.721502,1,True
2023-01-12T15:42:07.146859,1,True
2023-01-12T15:43:06.982144,1,True
2023-01-12T15:44:07.192888,1,True
2023-01-12T15:45:06.877665,2,True
2023-01-12T15:46:07.115487,1,True
2023-01-12T15:47:07.650039,1,True
2023-01-12T15:48:07.431298,1,True
2023-01-12T15:49:07.313732,1,True
2023-01-12T15:50:07.397877,2,True
2023-01-12T15:51:07.392282,1,True
2023-01-12T15:52:06.959155,1,True
2023-01-12T15:53:06.846147,1,True
2023-01-12T15:54:06.934018,1,True
2023-01-12T15:55:07.363602,2,True
2023-01-12T15:56:07.205200,1,True
2023-01-12T15:57:07.412121,1,True
2023-01-12T15:58:07.989753,1,True
2023-01-12T15:59:06.953908,1,True
2023-01-12T16:00:07.324533,2,True
2023-01-12T16:01:06.929658,1,True
2023-01-12T16:02:07.198392,1,True
2023-01-12T16:03:07.393262,1,True
2023-01-12T16:04:07.090372,1,True
2023-01-12T16:05:07.208941,2,True
2023-01-12T16:06:06.976415,1,True
2023-01-12T16:07:07.639726,1,True
2023-01-12T16:08:07.493132,1,True
2023-01-12T16:09:07.410527,1,True
2023-01-12T16:10:07.635668,2,True
2023-01-12T16:11:07.672518,1,True
2023-01-12T16:12:06.996470,1,True
2023-01-12T16:13:07.612311,1,True
2023-01-12T16:14:07.168482,1,True
2023-01-12T16:15:07.811396,2,True
2023-01-12T16:16:07.797870,1,True
2023-01-12T16:17:07.187625,1,True
2023-01-12T16:18:07.628744,1,True
2023-01-12T16:19:06.841469,1,True
2023-01-12T16:20:06.833786,2,True
2023-01-12T16:21:07.363131,1,True
2023-01-12T16:22:07.143522,1,True
2023-01-12T16:23:07.428838,1,True
2023-01-12T16:24:06.720975,1,True
2023-01-12T16:25:07.756979,2,True
2023-01-12T16:26:07.131183,1,True
2023-01-12T16:27:07.097233,1,True
2023-01-12T16:28:07.326542,1,True
2023-01-12T16:29:07.331196,1,True
2023-01-12T16:30:07.170744,2,True
2023-01-12T16:31:07.392859,1,True
2023-01-12T16:32:06.878014,1,True
2023-01-12T16:33:06.974475,1,True
2023-01-12T16:34:07.226020,1,True
2023-01-12T16:35:06.856617,2,True
2023-01-12T16:36:07.150370,1,True
2023-01-12T16:37:06.883891,1,True
2023-01-12T16:38:06.653469,1,True
2023-01-12T16:39:07.128008,1,True
2023-01-12T16:40:07.193072,2,True
2023-01-12T16:41:07.556030,1,True
2023-01-12T16:42:07.407603,1,True
2023-01-12T16:43:06.646631,1,True
2023-01-12T16:44:06.595529,1,True
2023-01-12T16:45:06.684042,2,True
2023-01-12T16:46:07.140348,1,True
2023-01-12T16:47:06.946153,1,True
2023-01-12T16:48:06.945898,1,True
2023-01-12T16:49:06.802249,1,True
2023-01-12T16:50:06.619362,2,True
2023-01-12T16:51:06.612089,1,True
2023-01-12T16:52:07.403670,1,True
2023-01-12T16:53:07.470651,1,True
2023-01-12T16:54:07.574493,1,True
2023-01-12T16:55:07.784182,2,True
2023-01-12T16:56:07.504151,1,True
2023-01-12T16:57:07.393544,1,True
2023-01-12T16:58:08.535689,1,True
2023-01-12T16:59:08.973182,1,True
2023-01-12T17:00:08.358265,2,True
2023-01-12T17:01:08.169491,1,True
2023-01-12T17:02:08.580077,1,True
2023-01-12T17:03:07.812608,1,True
2023-01-12T17:04:08.576107,1,True
2023-01-12T17:05:09.185481,2,True
2023-01-12T17:06:08.450173,1,True
2023-01-12T17:07:08.427358,1,True
2023-01-12T17:08:07.800684,1,True
2023-01-12T17:09:08.585767,1,True
2023-01-12T17:10:07.908455,2,True
2023-01-12T17:11:07.782135,1,True
2023-01-12T17:12:08.352259,1,True
2023-01-12T17:13:07.886765,1,True
2023-01-12T17:14:08.108386,1,True
2023-01-12T17:15:08.922735,2,True
2023-01-12T17:16:07.014467,1,True
2023-01-12T17:17:07.292660,1,True
2023-01-12T17:18:07.321431,1,True
2023-01-12T17:19:06.894265,1,True
2023-01-12T17:20:06.890206,2,True
2023-01-12T17:21:06.810431,1,True
2023-01-12T17:22:06.910152,1,True
2023-01-12T17:23:06.768859,1,True
2023-01-12T17:24:07.405661,1,True
2023-01-12T17:25:06.815814,2,True
2023-01-12T17:26:07.529392,1,True
2023-01-12T17:27:07.382867,1,True
2023-01-12T17:28:07.484173,1,True
2023-01-12T17:29:07.097796,1,True
2023-01-12T17:30:06.670921,2,True
2023-01-12T17:31:06.654005,1,True
2023-01-12T17:32:06.591713,1,True
2023-01-12T17:33:07.397995,1,True
2023-01-12T17:34:07.290185,1,True
2023-01-12T17:35:06.780510,2,True
2023-01-12T17:36:06.557429,1,True
2023-01-12T17:37:07.338101,1,True
2023-01-12T17:38:07.367789,1,True
2023-01-12T17:39:07.055953,1,True
2023-01-12T17:40:06.847999,2,True
2023-01-12T17:41:06.577153,1,True
2023-01-12T17:42:07.300948,1,True
2023-01-12T17:43:06.885108,1,True
2023-01-12T17:44:07.368200,1,True
2023-01-12T17:45:07.420268,2,True
2023-01-12T17:46:06.566301,1,True
2023-01-12T17:47:07.377059,1,True
2023-01-12T17:48:06.944791,1,True
2023-01-12T17:49:07.030505,1,True
2023-01-12T17:50:07.244980,2,True
2023-01-12T17:51:06.829588,1,True
2023-01-12T17:52:06.893247,1,True
2023-01-12T17:53:07.282271,1,True
2023-01-12T17:54:07.232055,1,True
2023-01-12T17:55:07.150661,2,True
2023-01-12T17:56:07.330781,1,True
2023-01-12T17:57:07.325885,1,True
2023-01-12T17:58:07.175128,1,True
2023-01-12T17:59:07.117505,1,True
2023-01-12T18:00:07.350696,2,True
2023-01-12T18:01:07.320733,1,True
2023-01-12T18:02:07.224567,1,True
2023-01-12T18:03:07.237955,1,True
2023-01-12T18:04:06.480080,1,True
2023-01-12T18:05:07.372079,2,True
2023-01-12T18:06:06.569821,1,True
2023-01-12T18:07:06.427953,1,True
2023-01-12T18:08:07.151078,1,True
2023-01-12T18:09:07.085855,1,True
2023-01-12T18:10:06.492233,2,True
2023-01-12T18:11:07.403625,1,True
2023-01-12T18:12:07.080457,1,True
2023-01-12T18:13:06.978264,1,True
2023-01-12T18:14:07.093536,1,True
2023-01-12T18:15:07.225238,2,True
2023-01-12T18:16:06.531999,1,True
2023-01-12T18:17:07.230430,1,True
2023-01-12T18:18:06.558182,1,True
2023-01-12T18:19:06.930717,1,True
2023-01-12T18:20:06.643247,2,True
2023-01-12T18:21:07.358649,1,True
2023-01-12T18:22:06.865764,1,True
2023-01-12T18:23:07.416271,1,True
2023-01-12T18:24:06.929150,1,True
2023-01-12T18:25:06.782138,2,True
2023-01-12T18:26:07.183434,1,True
2023-01-12T18:27:07.218409,1,True
2023-01-12T18:28:06.983635,1,True
2023-01-12T18:29:07.029827,1,True
2023-01-12T18:30:07.110424,2,True
2023-01-12T18:31:07.221385,1,True
2023-01-12T18:32:06.610746,1,True
2023-01-12T18:33:06.579791,1,True
2023-01-12T18:34:06.908803,1,True
2023-01-12T18:35:07.499306,2,True
2023-01-12T18:36:06.663412,1,True
2023-01-12T18:37:06.961350,1,True
2023-01-12T18:38:06.645809,1,True
2023-01-12T18:39:07.510079,1,True
2023-01-12T18:40:07.334820,2,True
2023-01-12T18:41:07.517743,1,True
2023-01-12T18:42:07.341367,1,True
2023-01-12T18:43:07.368286,1,True
2023-01-12T18:44:07.380646,1,True
2023-01-12T18:45:06.527385,2,True
2023-01-12T18:46:07.078488,1,True
2023-01-12T18:47:06.774972,1,True
2023-01-12T18:48:06.605151,1,True
2023-01-12T18:49:07.418886,1,True
2023-01-12T18:50:07.139887,2,True
2023-01-12T18:51:07.255968,1,True
2023-01-12T18:52:06.877682,1,True
2023-01-12T18:53:07.056423,1,True
2023-01-12T18:54:06.833136,1,True
2023-01-12T18:55:07.343638,1,True
2023-01-12T18:56:07.114767,1,True
2023-01-12T18:57:06.453340,1,True
2023-01-12T18:58:07.351254,1,True
2023-01-12T18:59:07.414021,1,True
2023-01-12T19:00:06.884961,1,True
2023-01-12T19:01:06.959206,1,True
2023-01-12T19:02:06.922217,1,True
2023-01-12T19:03:07.220034,1,True
2023-01-12T19:04:06.750847,1,True
2023-01-12T19:05:06.999260,2,True
2023-01-12T19:06:06.852940,1,True
2023-01-12T19:07:06.956839,1,True
2023-01-12T19:08:07.024916,1,True
2023-01-12T19:09:07.124360,1,True
2023-01-12T19:10:07.323867,2,True
2023-01-12T19:11:07.372965,1,True
2023-01-12T19:12:07.074667,1,True
2023-01-12T19:13:06.716235,1,True
2023-01-12T19:14:07.152882,1,True
2023-01-12T19:15:07.102877,2,True
2023-01-12T19:16:06.920719,1,True
2023-01-12T19:17:06.738391,1,True
2023-01-12T19:18:07.117073,1,True
2023-01-12T19:19:06.787613,1,True
2023-01-12T19:20:06.761888,2,True
2023-01-12T19:21:06.889028,1,True
2023-01-12T19:22:07.216873,1,True
2023-01-12T19:23:06.621797,1,True
2023-01-12T19:24:07.544325,1,True
2023-01-12T19:25:07.058340,2,True
2023-01-12T19:26:07.417656,1,True
2023-01-12T19:27:06.924596,1,True
2023-01-12T19:28:07.345004,1,True
2023-01-12T19:29:07.497647,1,True
2023-01-12T19:30:06.714991,2,True
2023-01-12T19:31:07.224063,1,True
2023-01-12T19:32:07.559782,1,True
2023-01-12T19:33:07.015702,1,True
2023-01-12T19:34:06.743077,1,True
2023-01-12T19:35:06.898970,2,True
2023-01-12T19:36:07.019566,1,True
2023-01-12T19:37:07.275793,1,True
2023-01-12T19:38:07.743525,1,True
2023-01-12T19:39:07.757473,1,True
2023-01-12T19:40:07.700853,2,True
2023-01-12T19:41:07.093181,1,True
2023-01-12T19:42:06.637403,1,True
2023-01-12T19:43:07.276236,1,True
2023-01-12T19:44:06.950144,1,True
2023-01-12T19:45:06.534772,1,True
2023-01-12T19:46:07.021925,1,True
2023-01-12T19:47:07.318994,1,True
2023-01-12T19:48:06.615384,1,True
2023-01-12T19:49:06.707607,1,True
2023-01-12T19:50:07.491317,1,True
2023-01-12T19:51:06.675365,1,True
2023-01-12T19:52:07.331180,1,True
2023-01-12T19:53:07.349158,1,True
2023-01-12T19:54:06.875387,1,True
2023-01-12T19:55:06.685172,1,True
2023-01-12T19:56:06.999137,1,True
2023-01-12T19:57:06.935158,1,True
2023-01-12T19:58:07.203339,1,True
2023-01-12T19:59:06.794676,1,True
2023-01-12T20:00:07.147245,2,True
2023-01-12T20:01:06.993980,1,True
2023-01-12T20:02:06.811898,1,True
2023-01-12T20:03:06.646865,1,True
2023-01-12T20:04:06.595648,1,True
2023-01-12T20:05:06.969886,1,True
2023-01-12T20:06:06.630636,1,True
2023-01-12T20:07:07.750812,1,True
2023-01-12T20:08:06.740767,1,True
2023-01-12T20:09:06.761523,1,True
2023-01-12T20:10:07.461241,1,True
2023-01-12T20:11:06.587599,1,True
2023-01-12T20:12:06.875383,1,True
2023-01-12T20:13:06.671482,1,True
2023-01-12T20:14:06.633240,1,True
2023-01-12T20:15:06.644316,2,True
2023-01-12T20:16:07.463713,1,True
2023-01-12T20:17:06.844076,1,True
2023-01-12T20:18:06.846524,1,True
2023-01-12T20:19:07.129378,1,True
2023-01-12T20:20:06.793865,1,True
2023-01-12T20:21:07.556935,1,True
2023-01-12T20:22:07.637463,1,True
2023-01-12T20:23:07.128086,1,True
2023-01-12T20:24:06.676950,1,True
2023-01-12T20:25:06.688254,1,True
2023-01-12T20:26:07.260803,1,True
2023-01-12T20:27:07.246399,1,True
2023-01-12T20:28:07.135527,1,True
2023-01-12T20:29:07.370270,1,True
2023-01-12T20:30:07.446184,1,True
2023-01-12T20:31:07.043287,1,True
2023-01-12T20:32:06.844515,1,True
2023-01-12T20:33:07.340310,1,True
2023-01-12T20:34:07.447637,1,True
2023-01-12T20:35:07.254513,1,True
2023-01-12T20:36:06.511340,1,True
2023-01-12T20:37:07.405648,1,True
2023-01-12T20:38:06.815017,1,True
2023-01-12T20:39:06.469261,1,True
2023-01-12T20:40:06.913921,1,True
2023-01-12T22:19:07.910002,0,True
2023-01-12T22:20:07.324901,0,True
2023-01-12T22:21:09.069917,1,True
2023-01-12T22:22:08.068712,1,True
2023-01-12T22:23:08.966616,1,True
2023-01-12T22:24:08.596609,1,True
2023-01-12T22:25:08.784719,1,True
2023-01-12T22:26:08.055820,1,True
2023-01-12T22:27:07.988580,1,True
2023-01-12T22:28:08.442530,1,True
2023-01-12T22:29:08.495513,1,True
2023-01-12T22:30:08.761776,2,True
2023-01-12T22:31:09.668109,1,True
2023-01-12T22:32:08.454232,1,True
2023-01-12T22:33:09.031779,1,True
2023-01-12T22:34:09.338292,1,True
2023-01-12T22:35:09.971084,2,True
2023-01-12T22:36:08.891505,1,True
2023-01-12T22:37:09.815071,1,True
2023-01-12T22:38:08.818804,1,True
2023-01-12T22:39:08.262085,1,True
2023-01-12T22:40:09.258777,2,True
2023-01-12T22:41:09.352988,1,True
2023-01-12T22:42:08.934059,1,True
2023-01-12T22:43:09.452444,1,True
2023-01-12T22:44:09.216722,1,True
2023-01-12T22:45:10.150845,2,True
2023-01-12T22:46:09.076524,1,True
2023-01-12T22:47:10.145304,1,True
2023-01-12T22:48:09.791496,1,True
2023-01-12T22:49:10.747084,1,True
2023-01-12T22:50:10.325059,2,True
2023-01-12T22:51:09.742391,1,True
2023-01-12T22:52:07.529455,1,True
2023-01-12T22:53:07.670772,1,True
2023-01-12T22:54:07.603786,1,True
2023-01-12T22:55:06.789371,2,True
2023-01-12T22:56:06.886450,1,True
2023-01-12T22:57:07.186885,1,True
2023-01-12T22:58:07.059691,1,True
2023-01-12T22:59:06.403792,1,True
2023-01-12T23:00:07.148101,2,True
2023-01-12T23:01:06.806896,1,True
2023-01-12T23:02:06.478330,1,True
2023-01-12T23:03:06.951501,1,True
2023-01-12T23:04:07.017504,1,True
2023-01-12T23:05:06.888050,1,True
2023-01-12T23:06:06.974052,1,True
2023-01-12T23:07:06.721182,1,True
2023-01-12T23:08:06.824094,1,True
2023-01-12T23:09:07.024271,1,True
2023-01-12T23:10:07.048324,1,True
2023-01-12T23:11:06.727901,1,True
2023-01-12T23:12:06.684848,1,True
2023-01-12T23:13:06.631381,1,True
2023-01-12T23:14:06.689772,0,True
2023-01-12T23:15:06.682880,0,True
2023-01-12T23:16:07.035899,0,True
2023-01-12T23:17:07.087556,0,True
2023-01-13T00:23:07.250595,1,True
2023-01-13T00:24:06.557423,0,True
2023-01-13T00:25:06.541493,0,True
2023-01-13T00:26:07.006161,0,True
2023-01-13T00:27:06.470339,0,True
2023-01-13T00:28:07.111594,0,True
2023-01-13T00:29:06.491836,0,True
2023-01-13T00:30:07.045982,1,True
2023-01-13T00:31:06.607467,0,True
2023-01-13T00:32:07.449268,0,True
2023-01-13T00:33:06.970134,0,True
2023-01-13T00:34:06.875475,0,True
2023-01-13T00:35:06.739606,1,True
2023-01-13T00:36:06.594187,0,True
2023-01-13T00:37:06.993358,0,True
2023-01-13T00:38:06.821158,0,True
2023-01-13T00:39:06.947139,0,True
2023-01-13T00:40:07.126898,1,True
2023-01-13T00:41:07.475916,0,True
2023-01-13T00:42:07.269648,0,True
2023-01-13T00:43:06.391966,0,True
2023-01-13T00:44:07.009544,0,True
2023-01-13T00:45:07.585636,1,True
2023-01-13T00:46:07.299911,0,True
2023-01-13T00:47:06.636477,0,True
2023-01-13T00:48:07.296678,0,True
2023-01-13T00:49:06.953148,0,True
2023-01-13T00:50:06.792506,1,True
2023-01-13T00:51:06.921531,0,True
2023-01-13T00:52:06.925991,0,True
2023-01-13T00:53:06.649652,0,True
2023-01-13T00:54:07.035766,0,True
2023-01-13T00:55:07.025285,1,True
2023-01-13T00:56:06.349657,0,True
2023-01-13T00:57:06.637899,0,True
2023-01-13T00:58:07.186798,0,True
2023-01-13T00:59:07.063307,0,True
2023-01-13T01:00:06.316762,1,True
2023-01-13T01:01:07.174098,0,True
2023-01-13T01:02:07.060380,0,True
2023-01-13T01:03:07.068162,0,True
2023-01-13T01:04:06.288843,0,True
2023-01-13T01:05:07.127872,0,True
2023-01-13T01:06:06.777882,0,True
2023-01-13T01:07:06.710579,0,True
2023-01-13T01:08:06.765232,0,True
2023-01-13T01:09:06.797286,0,True
2023-01-13T01:10:06.952906,0,True
2023-01-13T01:11:07.058009,0,True
2023-01-13T01:12:07.036800,0,True
2023-01-13T01:13:07.093936,0,True
2023-01-13T01:14:07.088773,0,True
2023-01-13T01:15:06.910821,0,True
2023-01-13T01:16:06.855150,0,True
2023-01-13T01:17:06.644162,0,True
2023-01-13T01:18:06.542165,0,True
2023-01-13T01:19:06.729657,0,True
2023-01-13T01:20:06.661241,0,True
2023-01-13T01:21:06.399599,0,True
2023-01-13T01:22:06.342138,0,True
2023-01-13T01:23:06.463952,0,True
2023-01-13T01:24:06.360990,0,True
2023-01-13T01:25:06.913449,0,True
2023-01-13T01:26:06.347875,0,True
2023-01-13T01:27:06.791968,0,True
2023-01-13T01:28:06.604439,0,True
2023-01-13T01:29:07.341451,0,True
2023-01-13T01:30:06.892201,0,True
2023-01-13T01:31:07.344509,0,True
2023-01-13T01:32:07.066770,0,True
2023-01-13T01:33:06.375268,0,True
2023-01-13T01:34:06.457488,0,True
2023-01-13T01:35:06.751098,0,True
2023-01-13T01:36:06.806768,0,True
2023-01-13T01:37:06.981888,0,True
2023-01-13T01:38:07.101629,0,True
2023-01-13T01:39:06.512732,0,True
2023-01-13T01:40:06.554779,0,True
2023-01-13T01:41:06.800753,0,True
2023-01-13T16:48:07.160965,0,True
2023-01-13T16:49:07.191326,0,True
2023-01-13T16:50:07.022737,1,True
2023-01-13T16:51:07.323677,0,True
2023-01-13T16:52:07.714711,0,True
2023-01-13T16:53:07.525505,0,True
2023-01-13T16:54:07.144749,0,True
2023-01-13T16:55:08.463474,1,True
2023-01-13T16:56:08.137668,0,True
2023-01-13T16:57:07.944085,0,True
2023-01-13T16:58:07.318547,0,True
2023-01-13T16:59:08.027070,0,True
2023-01-13T17:00:08.716726,1,True
2023-01-13T17:01:08.008164,0,True
2023-01-13T17:02:06.712265,0,True
2023-01-13T17:03:07.608147,0,True
2023-01-13T17:04:08.079899,0,True
2023-01-13T17:05:08.162269,1,True
2023-01-13T17:06:07.771678,0,True
2023-01-13T17:07:08.363652,0,True
2023-01-13T17:08:08.448669,0,True
2023-01-13T17:09:08.170145,0,True
2023-01-13T17:10:08.383160,1,True
2023-01-13T17:11:08.764350,0,True
2023-01-13T17:12:08.178133,0,True
2023-01-13T17:13:07.575286,0,True
2023-01-13T17:14:07.571415,0,True
2023-01-13T17:15:07.693592,1,True
2023-01-13T17:16:06.876555,0,True
2023-01-13T17:17:07.802705,0,True
2023-01-13T17:18:06.647000,0,True
2023-01-13T17:19:06.689509,0,True
2023-01-13T17:20:07.038317,1,True
2023-01-13T17:21:06.796789,0,True
2023-01-13T17:22:07.244789,0,True
2023-01-13T17:23:07.294624,0,True
2023-01-13T17:24:06.853642,0,True
2023-01-13T17:25:06.387659,1,True
2023-01-13T17:26:06.522089,0,True
2023-01-13T17:30:07.101288,1,True
2023-01-13T17:31:07.854927,0,True
2023-01-13T17:32:07.778389,0,True
2023-01-13T17:33:08.011881,1,True
2023-01-13T17:34:07.690581,0,True
2023-01-13T17:35:07.115420,0,True
2023-01-13T17:36:06.929313,0,True
2023-01-13T17:37:07.852555,0,True
2023-01-13T17:38:06.967531,0,True
2023-01-13T17:42:07.259744,1,True
2023-01-13T17:43:06.404113,0,True
2023-01-13T17:44:06.333037,0,True
2023-01-13T17:45:07.096302,0,True
2023-01-13T17:46:06.415058,0,True
2023-01-13T17:47:06.796407,0,True
2023-01-13T17:48:06.979429,0,True
2023-01-13T17:49:06.924313,0,True
2023-01-13T17:50:06.653626,0,True
2023-01-13T17:51:07.354458,0,True
2023-01-13T17:52:06.695346,0,True
2023-01-13T17:53:06.859344,0,True
2023-01-13T17:54:06.451687,0,True
2023-01-13T17:55:07.133280,0,True
2023-01-13T17:56:06.679919,0,True
2023-01-13T17:57:07.335263,0,True
2023-01-13T17:58:07.110068,0,True
2023-01-13T17:59:06.810458,0,True
2023-01-13T18:00:06.815293,0,True
2023-01-13T20:17:06.787363,0,True
2023-01-13T20:18:07.186113,0,True
2023-01-13T20:19:06.493282,0,True
2023-01-13T20:20:06.830002,0,True
2023-01-13T20:21:07.482820,1,True
2023-01-13T20:22:06.463677,0,True
2023-01-13T20:23:06.616860,0,True
2023-01-13T20:24:06.811618,0,True
2023-01-13T20:25:07.021162,0,True
2023-01-13T20:26:07.278322,0,True
2023-01-13T20:27:06.664772,0,True
2023-01-13T20:28:07.006735,0,True
2023-01-13T20:29:06.984109,0,True
2023-01-13T20:30:06.581706,1,True
2023-01-13T20:31:06.727408,0,True
2023-01-13T20:32:06.989906,0,True
2023-01-13T20:33:06.819398,0,True
2023-01-13T20:34:06.594087,0,True
2023-01-13T20:35:06.925834,1,True
2023-01-13T20:36:06.536344,0,True
2023-01-13T20:37:06.941666,0,True
2023-01-13T20:38:07.083967,0,True
2023-01-13T20:39:06.546063,0,True
2023-01-13T20:40:07.159402,1,True
2023-01-13T20:41:06.562313,0,True
2023-01-13T20:42:07.086834,0,True
2023-01-13T20:43:06.623178,0,True
2023-01-13T20:44:06.507580,0,True
2023-01-13T20:45:07.319709,1,True
2023-01-13T20:46:06.719422,0,True
2023-01-13T20:47:07.024467,0,True
2023-01-13T20:48:06.790074,0,True
2023-01-13T20:49:06.978442,0,True
2023-01-13T20:50:06.858188,1,True
2023-01-13T20:51:06.159868,0,True
2023-01-13T20:52:07.135337,0,True
2023-01-13T20:53:07.164900,0,True
2023-01-13T20:54:07.207727,0,True
2023-01-13T20:55:06.351009,1,True
2023-01-13T20:56:06.692271,0,True
2023-01-13T20:57:07.229919,0,True
2023-01-13T20:58:06.359849,0,True
2023-01-13T20:59:07.337204,0,True
2023-01-13T21:00:07.046036,1,True
2023-01-13T21:01:06.339468,0,True
2023-01-13T21:02:06.348839,0,True
2023-01-13T21:03:06.494440,0,True
2023-01-13T21:04:06.792721,0,True
2023-01-13T21:05:06.526592,0,True
2023-01-13T21:06:06.399264,0,True
2023-01-13T21:07:06.462817,0,True
2023-01-13T21:08:06.965577,0,True
2023-01-13T21:09:07.043105,0,True
2023-01-13T21:10:06.978656,0,True
2023-01-13T21:11:06.838206,0,True
2023-01-13T21:12:06.401702,0,True
2023-01-13T21:13:06.657468,0,True
2023-01-13T21:14:06.813469,0,True
2023-01-13T21:15:06.956937,0,True
2023-01-13T21:16:06.443723,0,True
2023-01-13T21:17:06.788367,0,True
2023-01-13T21:18:06.690162,0,True
2023-01-13T21:19:06.636513,0,True
2023-01-13T21:20:06.991234,0,True
2023-01-13T21:21:06.414255,0,True
2023-01-13T21:22:06.664576,0,True
2023-01-13T21:23:06.878971,0,True
2023-01-13T21:24:07.125213,0,True
2023-01-13T21:25:06.918416,0,True
2023-01-13T21:26:06.431381,0,True
2023-01-13T21:27:07.195739,0,True
2023-01-13T21:28:06.827804,0,True
2023-01-13T21:29:07.102765,0,True
2023-01-13T21:30:06.408334,0,True
2023-01-13T21:31:06.855429,0,True
2023-01-13T21:32:07.169886,0,True
2023-01-13T21:33:06.643630,0,True
2023-01-13T21:34:06.902136,0,True
2023-01-13T21:35:06.541306,0,True
2023-01-13T21:36:07.056272,0,True
2023-01-13T21:37:06.554365,0,True
2023-01-13T21:38:06.780616,0,True
2023-01-13T21:39:07.101774,0,True
2023-01-13T21:40:06.321299,0,True
2023-01-13T21:41:06.484837,0,True
2023-01-13T21:42:06.646599,0,True
2023-01-13T21:43:06.411552,0,True
2023-01-13T21:44:07.016848,0,True
2023-01-13T21:45:06.917613,0,True
2023-01-13T21:46:07.017107,0,True
2023-01-13T21:47:06.376794,0,True
2023-01-13T21:48:06.481003,0,True
2023-01-13T21:49:06.651735,0,True
2023-01-13T21:50:07.136991,0,True
2023-01-13T21:51:06.970837,0,True
2023-01-13T21:52:07.024729,0,True
2023-01-13T21:53:06.806438,0,True
2023-01-13T21:54:07.121844,0,True
2023-01-13T21:55:06.712796,0,True
2023-01-13T21:56:07.098363,0,True
2023-01-13T21:57:06.873051,0,True
2023-01-13T21:58:06.301668,0,True
2023-01-13T21:59:07.009717,0,True
2023-01-13T22:00:07.234439,0,True
2023-01-13T22:01:06.844777,0,True
2023-01-13T22:02:07.199613,0,True
2023-01-13T22:03:06.486496,0,True
2023-01-13T22:04:06.361863,0,True
2023-01-13T22:05:06.881696,0,True
2023-01-13T22:06:06.947708,0,True
2023-01-13T22:07:06.688400,0,True
2023-01-13T22:08:07.055215,0,True
2023-01-13T22:09:06.435139,0,True
2023-01-13T22:10:06.360879,0,True
2023-01-13T22:11:06.490484,0,True
2023-01-13T22:12:06.625317,0,True
2023-01-13T22:13:06.965336,0,True
2023-01-13T22:14:07.206245,0,True
2023-01-13T22:15:07.060631,0,True
2023-01-13T22:16:06.563424,0,True
2023-01-13T22:17:06.417960,0,True
2023-01-13T22:18:06.759447,0,True
2023-01-13T22:19:06.815336,0,True
2023-01-13T22:20:06.468754,0,True
2023-01-13T22:21:07.205865,0,True
2023-01-13T22:22:07.091545,0,True
2023-01-13T22:23:06.725257,0,True
2023-01-13T22:24:07.123119,0,True
2023-01-13T22:25:07.093792,0,True
2023-01-13T22:26:06.620340,0,True
2023-01-13T22:27:06.969452,0,True
2023-01-13T22:28:06.302234,0,True
2023-01-13T22:29:07.011523,0,True
2023-01-13T22:30:06.624785,0,True
2023-01-13T22:31:07.044133,0,True
2023-01-13T22:32:06.517979,0,True
2023-01-13T22:33:06.631258,0,True
2023-01-13T22:34:06.362872,0,True
2023-01-13T22:35:06.389089,0,True
2023-01-13T22:36:07.158676,0,True
2023-01-13T22:37:06.394822,0,True
2023-01-13T22:38:06.723342,0,True
2023-01-13T22:39:06.987809,0,True
2023-01-13T22:40:06.949195,0,True
2023-01-13T22:41:06.755662,0,True
2023-01-13T22:42:06.748417,0,True
2023-01-13T22:43:07.289231,0,True
2023-01-13T22:44:07.171828,0,True
2023-01-13T22:45:06.670306,0,True
2023-01-13T22:46:07.156973,0,True
2023-01-13T22:47:06.459402,0,True
2023-01-13T22:48:06.494486,0,True
2023-01-13T22:49:06.404255,0,True
2023-01-13T22:50:06.312100,0,True
2023-01-13T22:51:07.215061,0,True
2023-01-14T03:17:47.195024,0,False
2023-01-14T03:18:11.798770,0,False
2023-01-14T13:32:07.508627,0,False
2023-01-14T13:37:07.219743,0,False
2023-01-14T13:38:55.096081,0,False
2023-01-14T13:39:06.964098,0,False
2023-01-14T13:40:07.495271,0,False
2023-01-14T13:41:07.156469,0,False
2023-01-14T13:42:06.625347,0,False
2023-01-14T13:43:07.170463,0,False
2023-01-14T13:44:08.497054,0,False
2023-01-14T13:45:06.930429,0,False
2023-01-14T13:46:07.190347,0,False
2023-01-14T13:47:07.470703,0,False
2023-01-14T13:48:06.567645,0,False
2023-01-14T13:49:06.890225,0,False
2023-01-14T13:50:07.115832,0,False
2023-01-14T13:51:07.367196,0,False
2023-01-14T13:52:06.955761,0,False
2023-01-14T13:53:07.060140,0,False
2023-01-14T13:54:07.616512,0,False
2023-01-14T13:54:10.418885,0,False
2023-01-14T13:55:06.714593,0,False
2023-01-14T13:56:07.183733,0,False
2023-01-14T13:57:07.643985,0,False
2023-01-14T13:58:06.677621,0,False
2023-01-14T13:59:07.239241,0,False
2023-01-14T14:00:07.353081,0,False
2023-01-14T14:01:06.631776,0,False
2023-01-14T14:02:06.877438,0,False
2023-01-14T14:03:07.252919,0,False
2023-01-14T14:04:09.012810,0,False
2023-01-14T14:05:07.823781,0,False
2023-01-14T14:06:07.175551,0,False
2023-01-14T14:07:06.920003,0,False
2023-01-14T14:08:07.005315,0,False
2023-01-14T14:09:07.127535,0,False
2023-01-14T14:10:06.685403,0,False
2023-01-14T14:12:07.161279,0,False
2023-01-14T14:13:07.403240,0,False
2023-01-14T14:14:06.771394,0,False
2023-01-14T14:15:07.323672,0,False
2023-01-14T14:16:07.361180,0,False
2023-01-14T14:18:07.181022,0,False
2023-01-14T14:19:07.654241,0,False
2023-01-14T14:20:06.626600,0,False
2023-01-14T14:20:39.513643,1,False
2023-01-14T14:21:07.065551,0,False
2023-01-14T14:22:07.134716,0,False
2023-01-14T14:23:07.363876,0,False
2023-01-14T14:24:10.077911,0,False
2023-01-14T14:25:07.322887,0,False
2023-01-14T14:26:07.268814,1,False
2023-01-14T14:27:07.369084,0,False
2023-01-14T14:27:14.464503,0,False
2023-01-14T14:28:07.103575,0,False
2023-01-14T14:29:07.216378,0,False
2023-01-14T14:30:06.508745,0,False
2023-01-14T14:31:36.959041,1,False
2023-01-14T14:32:08.717546,0,False
2023-01-14T14:33:07.467363,0,False
2023-01-14T14:33:19.074898,0,False
2023-01-14T14:35:32.487758,1,False
2023-01-14T14:36:07.432910,0,False
2023-01-14T14:37:07.031609,0,False
2023-01-14T14:38:07.223565,0,False
2023-01-14T14:39:07.313424,0,False
2023-01-14T14:40:07.527392,1,False
2023-01-14T14:41:07.526723,0,False
2023-01-14T14:42:07.483171,0,False
2023-01-14T14:43:07.276983,0,False
2023-01-14T14:44:07.724797,0,False
2023-01-14T14:45:53.077948,1,False
2023-01-14T14:46:07.688049,0,False
2023-01-14T14:47:07.685345,0,False
2023-01-14T14:47:17.073117,1,False
2023-01-14T14:48:08.801407,3,False
2023-01-14T14:49:01.434229,0,False
2023-01-14T14:49:07.170762,0,False
2023-01-14T14:50:07.469616,1,False
2023-01-14T14:50:17.340965,1,False
2023-01-14T14:51:07.222688,1,False
2023-01-14T14:51:16.327926,1,False
2023-01-14T14:52:08.925033,3,False
2023-01-14T14:53:07.052295,0,False
2023-01-14T14:54:07.904799,0,False
2023-01-14T14:55:07.308659,0,False
2023-01-14T14:56:11.762596,1,False
2023-01-14T14:56:12.125374,0,False
2023-01-14T14:57:07.320018,0,False
2023-01-14T14:58:07.674910,0,False
2023-01-14T14:59:07.321828,0,False
2023-01-14T15:00:08.384624,1,False
2023-01-14T15:01:06.835053,0,False
2023-01-14T15:01:16.507810,0,False
2023-01-14T15:02:07.446890,0,False
2023-01-14T15:03:07.473588,0,False
2023-01-14T15:05:07.523885,1,False
2023-01-14T15:06:08.454561,1,False
2023-01-14T15:07:07.543400,0,False
2023-01-14T15:08:07.087629,0,False
2023-01-14T15:08:44.954160,0,False
2023-01-14T15:09:07.834829,0,False
2023-01-14T15:10:07.914123,1,False
2023-01-14T15:11:08.359924,1,False
2023-01-14T15:12:07.204465,0,False
2023-01-14T15:13:07.595170,0,False
2023-01-14T15:14:07.937449,0,False
2023-01-14T15:15:07.069910,0,False
2023-01-14T15:16:08.857308,1,False
2023-01-14T15:17:07.135699,0,False
2023-01-14T15:18:07.564295,0,False
2023-01-14T15:19:07.588328,0,False
2023-01-14T15:20:06.888840,0,False
2023-01-14T15:20:17.694486,1,False
2023-01-14T15:21:08.655345,1,False
2023-01-14T15:22:06.923682,0,False
2023-01-14T15:23:07.536317,0,False
2023-01-14T15:24:06.926007,0,False
2023-01-14T15:25:07.557982,1,False
2023-01-14T15:26:07.590114,1,False
2023-01-14T15:27:07.602232,0,False
2023-01-14T15:28:07.777929,0,False
2023-01-14T15:29:07.535154,0,False
2023-01-14T15:30:11.605827,1,False
2023-01-14T15:30:39.920108,1,False
2023-01-14T15:31:06.716402,0,False
2023-01-14T15:32:08.232490,0,False
2023-01-14T15:33:07.706666,0,False
2023-01-14T15:34:07.296440,0,False
2023-01-14T15:35:07.437553,1,False
2023-01-14T15:36:08.009246,1,False
2023-01-14T15:37:07.589224,0,False
2023-01-14T15:38:07.124719,0,False
2023-01-14T15:39:06.892392,0,False
2023-01-14T15:40:07.410454,1,False
2023-01-14T15:41:07.158837,1,False
2023-01-14T15:42:08.128916,0,False
2023-01-14T15:43:06.761277,0,False
2023-01-14T15:44:06.809055,0,False
2023-01-14T15:45:07.412462,1,False
2023-01-14T15:46:07.559079,1,False
2023-01-14T15:47:07.371831,0,False
2023-01-14T15:48:07.559765,0,False
2023-01-14T15:49:07.522398,0,False
2023-01-14T15:49:48.896980,0,False
2023-01-14T15:50:07.815246,1,False
2023-01-14T15:50:27.475349,1,False
2023-01-14T15:51:06.771107,0,False
2023-01-14T15:52:07.177636,0,False
2023-01-14T15:53:08.838825,0,False
2023-01-14T15:54:07.100253,0,False
2023-01-14T15:55:07.324207,1,False
2023-01-14T15:56:08.207217,1,False
2023-01-14T15:57:07.339849,0,False
2023-01-14T15:58:08.361699,0,False
2023-01-14T15:59:06.964558,0,False
2023-01-14T16:00:59.141198,1,False
2023-01-14T16:01:06.664484,0,False
2023-01-14T16:02:07.191125,0,False
2023-01-14T16:03:06.735444,0,False
2023-01-14T16:04:07.197248,0,False
2023-01-14T16:05:07.671530,1,False
2023-01-14T16:05:29.524026,1,False
2023-01-14T16:05:58.889103,1,False
2023-01-14T16:06:06.794125,0,False
2023-01-14T16:06:28.574120,0,False
2023-01-14T16:07:00.358349,0,False
2023-01-14T16:07:07.653085,0,False
2023-01-14T16:08:07.545601,0,False
2023-01-14T16:09:07.124649,0,False
2023-01-14T16:10:07.166733,0,False
2023-01-14T16:10:22.707597,0,False
2023-01-14T16:10:34.447160,0,False
2023-01-14T16:10:42.388548,0,False
2023-01-14T16:10:56.644380,0,False
2023-01-14T16:11:13.680302,1,False
2023-01-14T16:12:07.082027,0,False
2023-01-14T16:13:09.543504,0,False
2023-01-14T16:14:07.656618,0,False
2023-01-14T16:15:07.019205,0,False
2023-01-14T16:16:09.495200,1,False
2023-01-14T16:16:16.883656,1,False
2023-01-14T16:17:08.391518,3,False
2023-01-14T16:18:06.916031,0,False
2023-01-14T16:19:07.151505,0,False
2023-01-14T16:20:06.659099,0,False
2023-01-14T16:21:07.241700,1,False
2023-01-14T16:22:07.246002,0,False
2023-01-14T16:23:07.470200,0,False
2023-01-14T16:24:06.794529,0,False
2023-01-14T16:25:07.417367,1,False
2023-01-14T16:26:06.929911,1,False
2023-01-14T16:27:21.589500,1,False
2023-01-14T16:28:20.188525,3,False
2023-01-14T16:29:06.692349,0,False
2023-01-14T16:29:19.769641,0,False
2023-01-14T16:30:07.190031,0,False
2023-01-14T16:31:07.278979,1,False
2023-01-14T16:32:06.665355,0,False
2023-01-14T16:33:07.376210,0,False
2023-01-14T16:34:06.796564,0,False
2023-01-14T16:35:07.456141,1,False
2023-01-14T16:36:06.708856,1,False
2023-01-14T16:37:03.593452,0,False
2023-01-14T16:37:06.822029,0,False
2023-01-14T16:38:06.811232,0,False
2023-01-14T16:39:06.543640,0,False
2023-01-14T16:40:07.174722,1,False
2023-01-14T16:41:07.421958,1,False
2023-01-14T16:42:07.432158,0,False
2023-01-14T16:42:36.878908,0,False
2023-01-14T16:43:06.945543,0,False
2023-01-14T16:43:16.533366,0,False
2023-01-14T16:43:19.798465,0,False
2023-01-14T16:44:06.730667,0,False
2023-01-14T16:45:07.465939,1,False
2023-01-14T16:46:06.832291,0,False
2023-01-14T16:47:07.212579,0,False
2023-01-14T16:48:06.912278,0,False
2023-01-14T16:49:06.973778,0,False
2023-01-14T16:50:07.653380,1,False
2023-01-14T16:51:07.331939,0,False
2023-01-14T16:52:06.725481,0,False
2023-01-14T16:53:07.297957,0,False
2023-01-14T16:54:06.780561,0,False
2023-01-14T16:55:07.660755,1,False
2023-01-14T16:56:07.079907,0,False
2023-01-14T16:57:07.190521,0,False
2023-01-14T16:58:06.694971,0,False
2023-01-14T16:59:06.639945,0,False
2023-01-14T17:00:09.402269,1,False
2023-01-14T17:01:06.928236,0,False
2023-01-14T17:03:07.329061,0,False
2023-01-14T17:04:07.224208,0,False
2023-01-14T17:05:08.519169,1,False
2023-01-14T17:06:07.904096,0,False
2023-01-14T17:07:07.331199,0,False
2023-01-14T17:08:07.201355,0,False
2023-01-14T17:09:06.907204,0,False
2023-01-14T17:10:06.620153,0,False
2023-01-14T17:11:07.550997,1,False
2023-01-14T17:13:07.362068,0,False
2023-01-14T17:14:07.717036,0,False
2023-01-14T17:15:07.530596,1,False
2023-01-14T17:16:06.600328,0,False
2023-01-14T17:17:06.914617,0,False
2023-01-14T17:18:06.705189,0,False
2023-01-14T17:18:16.932736,0,False
2023-01-14T17:19:07.123468,0,False
2023-01-14T17:20:07.779165,1,False
2023-01-14T17:21:06.577342,0,False
2023-01-14T17:22:07.316628,0,False
2023-01-14T17:23:07.172377,0,False
2023-01-14T17:24:08.008397,0,False
2023-01-14T17:25:07.110894,0,False
2023-01-14T17:26:07.589692,1,False
2023-01-14T17:27:06.989948,0,False
2023-01-14T17:28:07.181899,0,False
2023-01-14T17:28:17.337450,0,False
2023-01-14T17:29:07.849846,0,False
2023-01-14T17:30:07.259720,0,False
2023-01-14T17:31:07.187465,1,False
2023-01-14T17:32:07.523246,0,False
2023-01-14T17:33:07.155255,0,False
2023-01-14T17:36:11.919992,1,False
2023-01-14T17:36:54.004968,0,False
2023-01-14T17:37:08.852136,0,False
2023-01-14T17:38:07.259486,0,False
2023-01-14T17:39:08.730199,0,False
2023-01-14T17:40:09.443667,1,False
2023-01-14T17:41:07.598616,0,False
2023-01-14T17:42:23.199413,0,False
2023-01-14T17:43:40.827474,0,False
2023-01-14T17:44:09.697638,0,False
2023-01-14T17:46:22.177527,1,False
2023-01-14T17:47:16.709896,0,False
2023-01-14T17:48:07.499346,0,False
2023-01-14T17:56:24.116613,1,False
2023-01-14T17:57:07.544105,0,False
2023-01-14T17:57:17.775373,0,False
2023-01-14T17:57:28.033928,0,False
2023-01-14T17:58:48.842842,0,False
2023-01-14T18:02:31.313566,1,False
2023-01-14T18:02:53.765335,1,False
2023-01-14T18:03:12.905101,0,False
2023-01-14T18:03:16.182608,0,False
2023-01-14T18:06:28.224876,1,False
2023-01-14T18:06:28.292076,1,False
2023-01-14T18:07:11.080311,0,False
2023-01-14T18:07:50.668951,0,False
2023-01-14T18:08:08.153203,0,False
2023-01-14T18:08:17.215531,0,False
2023-01-14T18:08:54.160213,0,False
2023-01-14T18:09:06.644863,0,False
