KODZASTUP,N_OKRSEK,KRAJ,MANDATY,NAZEVZAST,OKRES,POCOBYV,N_STRANA,type
503916,1,3200,9,Kostelec,3207,572,1,1party
504301,1,5300,7,Dřenice,5301,403,1,1party
504955,1,5300,7,Dvakačovice,5301,168,1,1party
505005,1,5300,7,Bítovany,5301,421,1,1party
505030,1,5300,7,Dolní Bezděkov,5301,203,1,1party
505781,1,2100,7,Zápy,2109,859,1,1party
506664,1,3200,7,Skořice,3206,259,1,1party
507105,1,8100,9,Hněvošice,8105,1006,1,1party
507377,4,8100,15,Jakartovice,8105,1016,1,1party
507610,1,3100,7,Doňov,3103,78,1,1party
507652,1,3100,7,Višňová,3103,81,1,1party
507695,1,3100,7,Záhoří,3103,115,1,1party
507733,1,3100,7,Březina,3103,124,1,1party
508683,1,3100,7,Záblatí,3103,79,1,1party
509612,1,8100,15,Otice,8105,1407,1,1party
511161,1,8100,7,Vršovice,8105,511,1,1party
511633,1,8100,7,Bocanovice,8102,447,1,1party
512826,1,7100,7,Buk,7104,377,1,1party
512893,1,8100,9,Nové Lublice,8105,214,1,1party
512982,1,7100,9,Citov,7104,553,1,1party
512991,1,2100,7,Drnek,2103,171,1,1party
513059,1,7100,7,Čelechovice,7104,121,1,1party
513113,1,2100,7,Malé Přítočno,2103,240,1,1party
513148,1,2100,5,Polní Voděrady,2104,172,1,1party
513164,1,2100,5,Ždánice,2104,362,1,1party
513181,1,2100,7,Dománovice,2104,119,1,1party
513288,1,2100,5,Mrzky,2104,153,1,1party
513393,1,2100,7,Přistoupim,2104,447,1,1party
513521,1,2100,7,Lešetice,2111,187,1,1party
513539,1,2100,7,Velká Lečice,2111,159,1,1party
513636,1,7100,7,Hrabůvka,7104,303,1,1party
514161,1,5100,5,Luka,5101,95,1,1party
514276,1,5100,7,Pertoltice pod Ralskem,5101,397,1,1party
514446,1,7100,5,Lazníčky,7104,212,1,1party
514497,1,7100,7,Lhota,7104,320,1,1party
514527,1,7100,5,Lhotka,7104,65,1,1party
514802,1,7100,7,Líšná,7104,245,1,1party
515787,1,7100,7,Nelešovice,7104,195,1,1party
516350,1,7100,7,Oprostovice,7104,88,1,1party
516694,1,7100,15,Pavlovice u Přerova,7104,712,1,1party
516911,1,7100,7,Polom,7104,261,1,1party
517101,5,7100,9,Potštát,7104,1183,1,1party
517208,1,7100,5,Provodovice,7104,142,1,1party
517569,1,7100,7,Radvanice,7104,271,1,1party
517836,1,7100,5,Sobíšky,7104,144,1,1party
517844,1,7100,15,Soběchleby,7104,589,1,1party
518026,1,7100,7,Sušice,7104,325,1,1party
520306,1,7100,7,Ústí,7104,561,1,1party
522775,1,7100,7,Zámrsky,7104,254,1,1party
525227,1,7100,9,Bílá Voda,7101,314,1,1party
525979,1,7100,7,Bohutín,7105,779,1,1party
529541,1,2100,7,Český Šternberk,2101,155,1,1party
529567,1,2100,7,Čtyřkoly,2101,688,1,1party
529583,1,2100,7,Tupadly,2106,138,1,1party
529591,1,2100,7,Sedlec,2107,247,1,1party
529605,1,2100,9,Rokytá,2107,282,1,1party
529613,1,2100,7,Josefův Důl,2107,460,1,1party
529656,1,2100,7,Pětihosty,2109,227,1,1party
529664,1,2100,7,Těchařovice,2111,62,1,1party
529699,1,2100,7,Velká Chmelištná,2112,65,1,1party
529702,3,2100,9,Heřmaničky,2101,722,1,1party
529711,1,2100,7,Drahouš,2112,84,1,1party
529737,1,2100,7,Hulice,2101,289,1,1party
529745,1,2100,9,Hvězdonice,2101,318,1,1party
529753,1,3100,5,Dívčí Kopy,3103,72,1,1party
529761,1,3100,5,Žďár,3103,97,1,1party
529818,1,2100,7,Chotýšany,2101,558,1,1party
529869,1,6100,7,Důl,6103,58,1,1party
529907,1,2100,5,Keblov,2101,181,1,1party
529915,1,3100,7,Vrbice,3105,67,1,1party
529923,1,3100,7,Žárovná,3105,119,1,1party
529940,1,2100,7,Kozmice,2101,317,1,1party
529958,2,2100,9,Krhanice,2101,1034,1,1party
529966,1,3100,7,Buzice,3106,170,1,1party
529982,1,3100,9,Chlum,3106,199,1,1party
530026,1,2100,7,Kuňovice,2101,94,1,1party
530042,1,3100,7,Katov,3107,73,1,1party
530107,1,2100,15,Louňovice pod Blaníkem,2101,658,1,1party
530131,1,3200,7,Přestavlky,3204,231,1,1party
530140,1,3200,6,Milínov,3204,197,1,1party
530182,1,3200,7,Žákava,3204,469,1,1party
530271,1,3200,7,Sedlec,3205,93,1,1party
530298,1,2100,15,Netvořice,2101,1103,1,1party
530352,2,2100,7,Ostředek,2101,396,1,1party
530361,1,3200,7,Kařízek,3206,49,1,1party
530379,1,3200,7,Drahoňův Újezd,3206,132,1,1party
530387,1,5100,9,Radvanec,5101,226,1,1party
530395,1,4200,7,Janská,4201,195,1,1party
530417,1,4200,7,Doubice,4201,109,1,1party
530514,1,2100,7,Psáře,2101,127,1,1party
530549,1,2100,7,Rataje,2101,166,1,1party
530557,1,4200,7,Kozly,4204,137,1,1party
530565,1,4200,9,Želkovice,4204,90,1,1party
530611,1,2100,7,Smilkov,2101,270,1,1party
530662,1,6100,5,Ždírec,6101,144,0,1party
530689,2,2100,11,Struhařov,2101,893,1,1party
530701,1,2100,5,Střezimíř,2101,320,1,1party
530719,1,2100,7,Studený,2101,98,1,1party
530875,1,2100,7,Starkoč,2105,135,1,1party
530891,1,2100,7,Vojkov,2101,500,1,1party
530913,1,2100,7,Vracovice,2101,395,1,1party
530948,1,2100,15,Vrchotovy Janovice,2101,1018,1,1party
530964,1,2100,5,Bludov,2105,26,1,1party
531073,1,2100,7,Běštín,2102,321,1,1party
531090,1,2100,5,Březová,2102,319,1,1party
531219,1,2100,7,Hředle,2102,387,1,1party
531235,1,2100,7,Hvozdec,2102,250,1,1party
531251,1,2100,7,Chaloupky,2102,515,1,1party
531367,1,2100,5,Adamov,2105,123,1,1party
531375,1,2100,9,Kublov,2102,666,1,1party
531405,1,2100,5,Kobylnice,2105,207,1,1party
531421,1,2100,5,Šebestěnice,2105,90,1,1party
531430,1,2100,7,Horka I,2105,404,1,1party
531448,1,2100,9,Libomyšl,2102,561,1,1party
531499,1,2100,7,Hostín,2106,314,1,1party
531529,1,2100,7,Měňany,2102,306,1,1party
531545,2,2100,9,Mořina,2102,842,1,1party
531561,1,2100,7,Tuhaň,2106,745,1,1party
531570,1,2100,7,Dobřeň,2106,177,1,1party
531600,1,2100,11,Nový Jáchymov,2102,677,1,1party
531626,1,2100,7,Olešná,2102,412,1,1party
531642,1,2100,7,Osov,2102,339,1,1party
531677,1,2100,7,Lobeč,2106,141,1,1party
531693,1,2100,15,Praskolesy,2102,896,1,1party
531707,1,2100,7,Nosálov,2106,181,1,1party
531715,1,2100,7,Rpety,2102,505,1,1party
531740,1,2100,9,Skuhrov,2102,522,1,1party
531758,1,2100,9,Srbsko,2102,538,1,1party
531791,1,2100,7,Svatá,2102,515,1,1party
531847,1,2100,15,Tlustice,2102,1022,1,1party
531871,1,2100,7,Jeviněves,2106,220,1,1party
531880,1,2100,5,Trubská,2102,192,1,1party
531928,1,2100,7,Hostín u Vojkovic,2106,311,1,1party
531936,1,2100,5,Vidim,2106,133,1,1party
531944,1,2100,15,Vráž,2102,1179,1,1party
531987,1,2100,7,Dolní Zimoř,2106,87,1,1party
532037,1,2100,7,Chrášťany,2101,239,1,1party
532045,1,2100,7,Chlístov,2101,361,1,1party
532070,1,2100,7,Běloky,2103,182,1,1party
532088,1,2100,7,Beřovice,2103,374,1,1party
532096,1,2100,7,Borovnice,2101,84,1,1party
532151,1,2100,5,Drahňovice,2101,98,1,1party
532193,2,2100,7,Lštění,2101,411,1,1party
532207,3,2100,11,Černuc,2103,996,1,1party
532215,1,2100,9,Červený Újezd,2110,1296,1,1party
532231,1,2100,5,Slověnice,2101,37,1,1party
532258,1,2100,7,Litichovice,2101,61,0,1party
532312,1,2100,9,Horní Bezděkov,2103,631,1,1party
532321,1,2100,5,Hořešovice,2103,256,1,1party
532339,1,2100,9,Hospozín,2103,518,1,1party
532355,2,2100,7,Hradečno,2103,496,1,1party
532380,1,2100,7,Blažejovice,2101,116,1,1party
532398,1,2100,5,Chržín,2103,256,1,1party
532401,1,2100,7,Jarpice,2103,286,1,1party
532410,1,2100,7,Jedomělice,2103,390,1,1party
532461,2,2100,9,Klobuky,2103,1010,1,1party
532487,1,2100,7,Knovíz,2103,561,1,1party
532495,1,2100,9,Koleč,2103,588,1,1party
532509,1,2100,6,Šetějovice,2101,57,1,1party
532517,1,2100,5,Kvílice,2103,78,1,1party
532525,1,2100,7,Kyšice,2103,632,1,1party
532550,1,2100,9,Ratměřice,2101,299,1,1party
532584,1,2100,7,Lidice,2103,563,1,1party
532631,1,2100,7,Malé Kyšice,2103,494,1,1party
532649,1,2100,9,Popovice,2101,275,1,1party
532711,1,2100,7,Pavlov,2103,183,1,1party
532746,1,2100,5,Děkanovice,2101,62,1,1party
532762,2,2100,7,Pozdeň,2103,460,1,1party
532789,1,2100,7,Ptice,2110,842,1,1party
532827,1,2100,7,Slatina,2103,602,1,1party
532908,1,2100,9,Svinařov,2103,731,1,1party
532916,1,2100,7,Šlapanice,2103,183,1,1party
532924,1,2100,11,Bukovany,2101,770,1,1party
532932,1,2100,7,Hradiště,2101,26,1,1party
532941,1,2100,5,Řimovice,2101,227,1,1party
532967,1,2100,5,Třebíz,2103,235,1,1party
533025,1,2100,7,Velká Dobrá,2103,1773,1,1party
533033,1,2100,7,Velké Přítočno,2103,1038,1,1party
533076,1,2100,7,Pavlovice,2101,225,1,1party
533181,4,2100,11,Bečváry,2104,1010,1,1party
533211,2,2100,7,Břežany I,2104,323,1,1party
533254,1,2100,7,Černé Voděrady,2109,349,1,1party
533289,1,2100,9,Dobřichov,2104,745,1,1party
533301,1,2100,7,Doubravčice,2104,715,1,1party
533319,1,2100,5,Malá Víska,2102,93,1,1party
533335,1,2100,7,Lhotka,2102,331,1,1party
533351,3,2100,9,Chrášťany,2104,739,1,1party
533360,1,2100,7,Jestřabí Lhota,2104,509,1,1party
533386,3,2100,15,Klučov,2104,1027,1,1party
533408,3,2100,9,Kořenice,2104,638,1,1party
533459,1,2100,7,Krupá,2104,396,1,1party
533475,1,2100,7,Libenice,2104,322,1,1party
533483,1,2100,7,Libodřice,2104,298,1,1party
533513,2,2100,7,Malotice,2104,331,1,1party
533530,1,2100,11,Nová Ves I,2104,1236,1,1party
533548,1,2100,7,Nučice,2109,383,1,1party
533602,1,2100,5,Nenačovice,2102,265,1,1party
533611,1,2100,9,Přišimasy,2104,809,1,1party
533637,1,2100,7,Radovesnice I,2104,373,1,1party
533670,1,2100,11,Chrustenice,2102,969,1,1party
533696,1,2100,7,Skvrňov,2104,216,1,1party
533793,1,2100,7,Korno,2102,110,1,1party
533823,1,2100,7,Veletov,2104,256,1,1party
533866,4,2100,11,Vitice,2104,1103,1,1party
533874,1,2100,9,Vlkančice,2109,195,1,1party
533882,1,2100,7,Volárna,2104,502,1,1party
533904,1,2100,9,Vyžlovka,2109,658,1,1party
533912,1,2100,5,Mořinka,2102,152,1,1party
533980,1,2100,7,Bohdaneč,2105,418,1,1party
534064,1,2100,7,Hostovlice,2105,247,1,1party
534153,2,2100,7,Krchleby,2105,405,1,1party
534188,2,2100,15,Malešov,2105,1029,1,1party
534234,1,2100,5,Vinařice,2102,102,1,1party
534251,1,2100,7,Okřesaneč,2105,192,1,1party
534269,1,2100,7,Nesvačily,2102,160,1,1party
534340,1,2100,7,Rašovice,2105,369,1,1party
534404,1,2100,5,Lužce,2102,124,1,1party
534501,4,2100,9,Úmonín,2105,500,1,1party
534552,1,2100,7,Vlačice,2105,259,1,1party
534609,1,2100,9,Zbizuby,2105,463,1,1party
534641,2,2100,7,Žáky,2105,348,1,1party
534684,1,2100,7,Borek,2109,324,1,1party
534757,1,2100,7,Seletice,2108,207,1,1party
534773,1,2100,7,Dřínov,2106,477,1,1party
534811,1,7200,7,Podhradí,7204,203,1,1party
534862,1,2100,7,Zvěřínek,2108,278,1,1party
534871,1,2100,7,Velenka,2108,304,1,1party
534889,1,2100,9,Starý Vestec,2108,164,1,1party
534978,1,2100,15,Ledčice,2106,638,1,1party
534994,1,2100,7,Choťovice,2104,193,1,1party
535010,1,2100,7,Běleč,2103,322,1,1party
535095,1,2100,7,Loucká,2103,143,1,1party
535109,1,2100,7,Královice,2103,223,1,1party
535125,1,2100,7,Bílichov,2103,194,1,1party
535176,1,3100,7,Planá,3101,253,1,1party
535231,1,3100,7,Ostrolovský Újezd,3101,171,1,1party
535249,1,3100,7,Dasný,3101,332,1,1party
535290,1,2100,7,Vojkovice,2106,815,1,1party
535371,1,3100,7,Nákří,3101,222,1,1party
535389,1,2100,7,Zlosyň,2106,489,1,1party
535460,1,3100,7,Hradce,3101,102,1,1party
535478,1,2100,9,Bezno,2107,939,1,1party
535559,1,2100,9,Brodce,2107,1059,1,1party
535575,1,3100,7,Habří,3101,97,1,1party
535605,1,2100,9,Bukovno,2107,743,1,1party
535613,1,3100,7,Hvozdec,3101,130,1,1party
535648,1,3100,9,Nová Ves,3101,734,1,1party
535664,1,3100,7,Doubravice,3101,311,1,1party
535681,1,3100,5,Borovnice,3101,130,1,1party
535699,1,3100,7,Petříkov,3101,294,1,1party
535702,5,2100,15,Dolní Bousov,2107,2732,1,1party
535711,1,2100,9,Dolní Krupá,2107,249,1,1party
535753,1,3100,7,Hůry,3101,570,1,1party
535818,1,2100,7,Horky nad Jizerou,2107,570,1,1party
535826,1,3100,9,Adamov,3101,917,1,1party
535851,1,3100,7,Hlavatce,3101,154,1,1party
535869,1,2100,9,Hrdlořezy,2107,717,1,1party
535907,1,3100,7,Chotýčany,3101,236,1,1party
535974,1,2100,7,Jivina,2107,473,1,1party
536032,1,3100,5,Strýčice,3101,62,1,1party
536067,1,2100,7,Kochánky,2107,443,1,1party
536075,1,3100,7,Hartmanice,3101,187,1,1party
536091,1,7100,9,Hrabišín,7105,852,1,1party
536105,1,3100,7,Horní Kněžeklady,3101,108,1,1party
536113,1,7100,7,Hynčina,7105,187,1,1party
536121,1,2100,7,Kosořice,2107,499,1,1party
536199,1,3100,7,Dobšice,3101,115,1,1party
536211,1,2100,7,Lhotky,2107,150,1,1party
536245,1,3100,7,Srnín,3102,316,1,1party
536334,1,2100,7,Němčice,2107,186,1,1party
536351,1,2100,7,Nepřevázka,2107,430,1,1party
536369,1,3100,7,Hornosín,3106,71,1,1party
536377,1,2100,7,Nová Telib,2107,257,1,1party
536407,1,2100,5,Obruby,2107,254,1,1party
536423,1,3100,5,Radějovice,3106,45,1,1party
536431,1,2100,7,Petkovy,2107,301,1,1party
536474,1,3100,5,Němčice,3106,100,0,1party
536482,1,3100,5,Zahorčice,3106,63,1,1party
536491,1,2100,9,Předměřice nad Jizerou,2107,761,1,1party
536504,1,3100,5,Vacovice,3106,50,1,1party
536512,1,3100,7,Truskovice,3106,195,1,1party
536547,1,3100,7,Přechovice,3106,111,1,1party
536580,1,2100,13,Řepov,2107,713,1,1party
536601,1,3100,9,Kocelovice,3106,147,1,1party
536628,1,3100,5,Hlupín,3106,95,1,1party
536652,1,2100,9,Smilovice,2107,705,1,1party
536709,1,2100,7,Strašnov,2107,257,1,1party
536717,1,2100,5,Strenice,2107,183,1,1party
536725,1,3100,5,Němětice,3106,107,1,1party
536741,1,3100,5,Velká Turná,3106,159,1,1party
536768,1,2100,7,Sukorady,2107,368,1,1party
536776,1,3100,7,Slaník,3106,149,1,1party
536806,1,3100,7,Krašlovice,3106,160,1,1party
536814,1,7100,7,Kosov,7105,318,1,1party
536831,1,3100,7,Libětice,3106,88,1,1party
536857,3,2100,7,Velké Všelisy,2107,363,1,1party
536873,1,3100,7,Zvotoky,3106,67,1,1party
536881,1,3100,7,Horní Poříčí,3106,304,1,1party
536903,1,3100,7,Chobot,3106,47,1,1party
536938,1,2100,9,Všejany,2107,674,1,1party
536946,1,3100,7,Kalenice,3106,87,1,1party
536954,1,3100,7,Krejnice,3106,81,1,1party
536997,1,2100,7,Židněves,2107,367,1,1party
537055,2,2100,7,Budiměřice,2108,661,1,1party
537063,1,3100,5,Bratronice,3106,47,1,1party
537071,1,3100,7,Lipovice,3105,205,1,1party
537110,2,2100,7,Dvory,2108,545,1,1party
537144,1,3100,7,Dvory,3105,97,1,1party
537161,1,2100,7,Hradčany,2108,265,1,1party
537195,1,3100,5,Zábrdí,3105,65,1,1party
537209,1,3100,7,Žernovice,3105,302,1,1party
537225,1,2100,9,Chotěšice,2108,316,1,1party
537268,1,2100,7,Jizbice,2108,367,1,1party
537276,1,2100,7,Kamenné Zboží,2108,557,1,1party
537306,1,2100,5,Kolaje,2108,84,1,1party
537314,1,2100,9,Kostelní Lhota,2108,844,1,1party
537381,1,3100,5,Mahouš,3105,161,1,1party
537403,1,2100,5,Křečkov,2108,384,1,1party
537497,1,2100,7,Milčice,2108,313,1,1party
537535,1,3100,7,Újezdec,3105,91,1,1party
537543,1,3100,7,Pěčnov,3105,146,1,1party
537551,1,2100,7,Odřepsy,2108,319,1,1party
537578,1,2100,7,Opočnice,2108,461,1,1party
537594,1,6100,7,Střítež,6103,102,1,1party
537675,2,2100,7,Pňov-Předhradí,2104,551,1,1party
537705,1,2100,11,Poříčany,2104,1549,1,1party
537730,1,6100,7,Útěchovičky,6103,73,1,1party
537748,1,2100,9,Ratenice,2104,615,1,1party
537802,3,2100,7,Sloveč,2108,507,1,1party
537888,1,2100,7,Tatce,2104,637,1,1party
537900,1,2100,7,Úmyslovice,2108,319,1,1party
537926,1,4100,9,Jenišov,4102,996,1,1party
537969,1,4100,7,Otovice,4102,900,1,1party
537977,1,2100,7,Vrbová Lhota,2108,524,1,1party
537993,1,2100,7,Vykáň,2108,404,1,1party
538001,1,4100,7,Andělská Hora,4102,360,1,1party
538019,1,4100,7,Černava,4102,306,1,1party
538027,1,4100,7,Smolné Pece,4102,194,1,1party
538035,1,2100,7,Žehuň,2104,436,1,1party
538043,1,2100,11,Babice,2109,1141,1,1party
538078,1,1100,7,Praha-Benice,1100,699,1,1party
538086,1,2100,9,Bořanovice,2109,849,1,1party
538124,1,1100,9,Praha-Březiněves,1100,1573,1,1party
538183,1,3200,7,Kbelany,3205,101,1,1party
538221,2,2100,9,Horoušany,2109,1388,1,1party
538230,1,2100,9,Hovorčovice,2109,2418,1,1party
538388,1,1100,5,Praha-Královice,1100,407,1,1party
538418,1,2100,7,Křížkový Újezdec,2109,233,1,1party
538485,1,2100,9,Mirošovice,2109,1323,1,1party
538515,1,2100,7,Mratín,2109,1337,1,1party
538531,1,1100,5,Praha-Nedvězí,1100,309,1,1party
538558,1,2100,7,Nová Ves,2109,1290,1,1party
538655,1,2100,7,Předboj,2109,1007,1,1party
538663,1,4100,7,Tatrovice,4103,187,1,1party
538698,1,2100,9,Radějovice,2109,432,1,1party
538701,1,2100,15,Radonice,2109,994,1,1party
538779,1,2100,7,Sluhy,2109,671,1,1party
538817,1,4100,7,Podhradí,4101,200,1,1party
538833,3,2100,13,Sulice,2109,1906,1,1party
538906,1,4100,5,Milíkov,4101,288,1,1party
538965,1,2100,11,Veleň,2109,1332,1,1party
538973,1,2100,7,Veliká Ves,2109,330,1,1party
539040,1,2100,9,Vyšehořovice,2109,640,1,1party
539082,1,2100,7,Zlonín,2109,657,1,1party
539091,1,2100,13,Zvánovice,2109,531,1,1party
539121,1,2100,7,Černolice,2110,450,1,1party
539163,2,2100,11,Davle,2110,1685,1,1party
539171,1,2100,7,Dobrovíz,2110,550,1,1party
539201,1,2100,9,Dolany nad Vltavou,2106,902,1,1party
539210,2,2100,17,Dolní Břežany,2110,3993,1,1party
539228,1,2100,9,Holubice,2110,1896,1,1party
539261,1,2100,9,Hvozdnice,2110,489,1,1party
539287,1,2100,9,Choteč,2110,382,1,1party
539295,1,2100,7,Chrášťany,2110,929,1,1party
539341,1,2100,9,Jíloviště,2110,633,1,1party
539350,1,2100,9,Jinočany,2110,1933,1,1party
539465,1,1100,9,Praha-Lochkov,1100,778,1,1party
539473,1,4100,7,Ovesné Kladruby,4101,121,1,1party
539481,1,4100,7,Valy,4101,480,1,1party
539511,1,2100,9,Okrouhlo,2110,694,1,1party
539562,1,2100,7,Pohoří,2110,372,1,1party
539619,1,4100,5,Tuřany,4101,147,1,1party
539708,1,2100,9,Středokluky,2110,1150,1,1party
539741,1,3200,7,Štěnovický Borek,3203,578,1,1party
539783,1,3200,7,Oplot,3204,312,1,1party
539830,1,2100,9,Vonoklasy,2110,547,1,1party
539872,1,2100,9,Zbuzany,2110,1276,1,1party
539953,2,2100,11,Bohutín,2111,1783,1,1party
540005,1,7100,5,Lipinka,7102,194,1,1party
540048,1,2100,11,Buš,2110,337,1,1party
540064,1,3200,5,Lisov,3204,119,1,1party
540081,1,2100,7,Čím,2111,336,1,1party
540102,1,3200,7,Nezdřev,3204,101,1,1party
540129,5,2100,15,Dolní Hbity,2111,865,1,1party
540137,1,3200,7,Životice,3204,40,1,1party
540153,1,2100,7,Drásov,2111,416,1,1party
540242,1,2100,9,Hluboš,2111,617,1,1party
540251,1,3200,5,Drahkov,3204,123,1,1party
540293,1,3200,7,Otěšice,3204,144,1,1party
540307,1,3200,7,Chlumy,3204,201,1,1party
540340,1,3200,7,Nebílovy,3204,353,1,1party
540374,2,2100,7,Jablonná,2111,399,1,1party
540463,1,3200,9,Bolkov,3204,56,1,1party
540528,1,3200,5,Únětice,3204,144,1,1party
540544,4,7100,15,Oskava,7105,1284,1,1party
540625,1,2100,7,Láz,2111,614,1,1party
540676,1,3200,7,Srby,3204,165,1,1party
540692,1,3200,7,Sedliště,3204,98,1,1party
540722,1,3200,7,Smědčice,3206,281,1,1party
540927,1,3200,5,Čilá,3206,16,1,1party
540960,1,2100,7,Ohrazenice,2111,287,1,1party
541052,1,2100,9,Pičín,2111,656,1,1party
541061,1,3200,7,Zvíkovec,3206,208,1,1party
541192,1,3200,7,Nevid,3206,177,1,1party
541273,1,2100,7,Sádek,2111,222,1,1party
541338,1,2100,15,Stará Huť,2111,1374,1,1party
541389,1,2100,7,Svaté Pole,2111,445,1,1party
541419,1,2100,7,Štětkovice,2111,328,1,1party
541460,1,3200,7,Zhoř,3207,142,1,1party
541486,1,3200,5,Prostiboř,3207,140,1,1party
541494,1,3200,7,Kokašice,3207,255,1,1party
541532,1,3200,7,Milíře,3207,252,1,1party
541559,1,3200,7,Kočov,3207,206,1,1party
541567,1,2100,7,Vranovice,2111,310,1,1party
541613,1,2100,7,Zalužany,2111,319,1,1party
541681,1,3200,7,Ošelín,3207,178,1,1party
541745,1,3200,7,Myslovice,3202,127,1,1party
541753,1,3200,7,Ježovy,3202,236,1,1party
541788,1,3200,7,Poleň,3202,285,1,1party
541796,1,3200,7,Hejná,3202,164,1,1party
541842,1,3200,5,Běhařov,3202,216,1,1party
541851,1,3200,7,Klenová,3202,114,1,1party
541869,1,3200,7,Javor,3202,70,1,1party
541915,1,3200,7,Obytce,3202,198,1,1party
541923,1,3200,7,Břežany,3202,192,1,1party
541940,1,2100,7,Kroučová,2112,276,1,1party
541974,1,2100,7,Krušovice,2112,617,1,1party
542008,1,2100,7,Lašovice,2112,124,1,1party
542024,1,3200,7,Číhaň,3202,205,1,1party
542059,1,3200,5,Mlýnské Struhadlo,3202,54,1,1party
542067,1,2100,5,Městečko,2112,447,1,1party
542083,1,3200,9,Hnačov,3202,91,1,1party
542130,1,2100,7,Nesuchyně,2112,413,1,1party
542148,1,3200,7,Modrava,3202,78,1,1party
542156,1,3200,7,Borovy,3204,230,1,1party
542172,1,3200,7,Červené Poříčí,3202,233,1,1party
542181,1,2100,5,Nový Dům,2112,157,1,1party
542229,1,2100,7,Petrovice,2112,273,1,1party
542270,1,2100,5,Pšovlky,2112,303,1,1party
542318,1,7200,7,Blazice,7201,192,1,1party
542342,1,7200,7,Honětice,7201,74,1,1party
542369,1,2100,7,Senec,2112,262,1,1party
542393,1,7200,7,Vrbka,7201,194,1,1party
542431,1,2100,9,Srbeč,2112,299,1,1party
542440,1,4200,7,Oleško,4203,95,1,1party
542482,1,4200,5,Záluží,4203,185,1,1party
542491,1,4200,5,Malíč,4203,177,1,1party
542512,1,2100,7,Třtice,2112,490,1,1party
542521,1,4200,6,Michalovice,4203,152,1,1party
542547,1,4200,9,Blšany u Loun,4204,327,1,1party
542563,1,2100,7,Velká Buková,2112,270,1,1party
542598,1,2100,7,Všetaty,2112,312,1,1party
542601,1,2100,7,Zavidov,2112,321,1,1party
544329,1,3100,7,Čejkovice,3101,366,1,1party
544353,1,5100,9,Heřmanice,5103,263,1,1party
544396,1,7200,15,Liptál,7203,1490,1,1party
544400,1,3100,7,Doudleby,3101,483,1,1party
544442,4,3100,15,Dubné,3101,1550,1,1party
544469,1,7200,7,Malá Bystřice,7203,306,1,1party
544540,1,3100,5,Hranice,3101,207,1,1party
544612,2,3100,9,Jankov,3101,387,1,1party
544701,1,4200,7,Labská Stráň,4201,224,1,1party
544795,3,3100,9,Litvínovice,3101,2513,1,1party
544817,3,3100,7,Mladošovice,3101,391,1,1party
544825,1,3100,7,Nedabyle,3101,362,1,1party
544884,2,3100,11,Olešnice,3101,832,1,1party
544914,1,7200,7,Střelná,7203,587,1,1party
544957,1,6100,5,Lovčovice,6104,64,1,1party
544965,1,3100,5,Radošovice,3101,185,1,1party
545007,1,3100,11,Římov,3101,911,1,1party
545074,1,3100,9,Staré Hodějovice,3101,1234,1,1party
545091,1,3100,7,Střížov,3101,217,1,1party
545104,1,3100,9,Svatý Jan nad Malší,3101,562,1,1party
545325,1,6200,7,Velký Karlov,6207,396,1,1party
545694,1,3100,9,Pohorská Ves,3102,247,1,1party
545732,1,3100,7,Přísečná,3102,205,1,1party
545813,1,3100,9,Světlík,3102,230,1,1party
545856,1,4200,7,Dolní Habartice,4201,583,1,1party
545929,1,4200,7,Horní Habartice,4201,402,1,1party
545937,1,5100,7,Lažany,5103,218,1,1party
546020,1,3100,7,Budeč,3103,207,1,1party
546062,1,4200,5,Pesvice,4202,142,1,1party
546178,1,4200,7,Úherce,4204,76,1,1party
546194,1,6100,7,Bačkov,6101,123,1,1party
546232,1,5100,7,Kozly,5101,156,1,1party
546283,1,5100,7,Svojkov,5101,245,1,1party
546330,1,4200,7,Kunratice,4201,252,1,1party
546372,1,3200,7,Buková,3204,228,1,1party
546381,1,3100,5,Horní Radouň,3103,241,1,1party
546399,1,3200,7,Míšov,3204,114,1,1party
546411,1,3200,9,Úherce,3205,369,1,1party
546429,1,4200,7,Chraberce,4204,121,1,1party
546453,1,4200,7,Kámen,4201,239,1,1party
546470,1,5200,9,Litíč,5205,164,1,1party
546500,4,3100,15,Jarošov nad Nežárkou,3103,1107,1,1party
546518,1,4200,7,Loučná pod Klínovcem,4202,114,1,1party
546551,1,3200,7,Újezd u Svatého Kříže,3206,231,1,1party
546658,1,5100,7,Janův Důl,5103,160,1,1party
546691,1,4200,7,Lkáň,4203,202,1,1party
546755,1,4200,7,Brzánky,4203,85,1,1party
546771,1,4200,7,Kamýk,4203,163,1,1party
546810,1,4200,7,Chudoslavice,4203,162,1,1party
546828,1,4200,7,Staňkovice,4203,40,1,1party
546852,1,4200,7,Černěves,4203,221,1,1party
546887,1,4200,7,Vršovice,4204,238,1,1party
546895,1,4200,7,Brodec,4204,80,1,1party
546909,1,4200,7,Lukov,4206,122,1,1party
546950,1,8100,7,Nová Pláň,8101,54,1,1party
546976,1,7100,7,Hraničné Petrovice,7102,136,1,1party
546992,2,3100,9,Popelín,3103,499,1,1party
547085,2,3100,7,Rodvínov,3103,592,1,1party
547093,1,7100,7,Mutkov,7102,51,1,1party
547131,1,8100,7,Svatoňovice,8105,265,1,1party
547140,1,1100,9,Praha-Lysolaje,1100,1483,1,1party
547191,1,8100,7,Jezdkovice,8105,244,1,1party
547204,1,3100,15,Staré Hobzí,3103,522,1,1party
547255,1,6100,7,Švábov,6102,71,1,1party
547484,1,5100,7,Ktová,5104,192,1,1party
547514,1,7100,5,Zábeštní Lhota,7104,169,1,1party
547603,1,6100,9,Bratřice,6103,148,1,1party
547638,1,6100,7,Budíkov,6103,319,1,1party
547662,1,6100,7,Cetoraz,6103,295,1,1party
547689,1,6100,7,Čáslavsko,6103,109,1,1party
547701,1,5200,5,Libchyně,5203,66,1,1party
547727,1,5200,7,Sendraž,5203,105,1,1party
547743,1,5200,7,Vernéřovice,5203,315,1,1party
547859,1,5300,7,Zájezdec,5301,119,1,1party
547921,1,5300,7,Trpík,5304,85,1,1party
547964,1,5300,5,Sobkovice,5304,240,1,1party
547972,1,5300,5,Hrádek,5304,95,1,1party
548006,1,5300,7,Bošín,5304,100,1,1party
548057,1,5200,5,Vrchovnice,5201,61,1,1party
548073,1,6100,7,Ježov,6103,61,1,1party
548154,1,5200,7,Světí,5201,323,1,1party
548189,1,6100,7,Kouty,6101,199,1,1party
548197,1,6100,5,Nejepín,6101,67,1,1party
548201,1,6100,9,Křeč,6103,221,1,1party
548227,1,6100,7,Křešín,6103,141,1,1party
548235,1,6100,7,Leskovice,6103,100,1,1party
548243,1,6100,7,Horní Paseka,6101,74,1,1party
548308,1,6100,7,Kyjov,6101,147,1,1party
548324,1,6100,7,Skorkov,6101,83,1,1party
548341,1,6100,5,Slavníč,6101,60,1,1party
548359,1,6100,9,Ostrov,6101,145,1,1party
548367,1,6100,7,Mezilesí,6103,118,1,1party
548375,1,6100,5,Čečkovice,6101,82,1,1party
548448,1,6100,6,Dolní Sokolovec,6101,84,1,1party
548456,6,6100,15,Nová Cerekev,6103,1112,1,1party
548481,1,6100,7,Lány,6101,51,1,1party
548499,1,6100,7,Sloupno,6101,40,1,1party
548596,1,6100,7,Heřmanice,6101,55,1,1party
548600,1,6100,7,Pošná,6103,245,1,1party
548618,1,6100,7,Kraborovice,6101,97,1,1party
548626,1,6100,7,Zvěstovice,6101,74,1,1party
548634,1,6100,7,Podmoklany,6101,140,1,1party
548651,1,5200,7,Libel,5204,153,1,1party
548677,1,5200,5,Vysoký Újezd,5201,81,1,1party
548685,1,5200,7,Krchleby,5204,87,1,1party
548731,1,6100,7,Salačova Lhota,6103,129,1,1party
548758,1,5200,7,Proruby,5204,48,1,1party
548766,1,6100,7,Sedlice,6103,135,1,1party
548782,1,5200,7,Jahodov,5204,107,1,1party
548812,1,5200,7,Stanovice,5205,55,1,1party
548839,1,5200,7,Zábřezí-Řečice,5205,141,1,1party
548898,1,5200,7,Rokytňany,5202,111,1,1party
548910,1,5200,9,Ohaveč,5202,89,1,1party
548944,1,5200,7,Kovač,5202,134,1,1party
548961,1,5200,7,Sedliště,5202,103,1,1party
548987,1,6100,7,Útěchovice,6103,66,1,1party
549029,1,5200,7,Vřesník,5202,86,1,1party
549037,1,5200,7,Choteč,5202,205,1,1party
549045,1,6100,5,Velký Rybník,6103,193,1,1party
549100,1,5200,7,Brada-Rybníček,5202,147,1,1party
549118,1,5200,7,Dílce,5202,55,1,1party
549126,1,6100,7,Vojslavice,6103,102,1,1party
549151,1,5200,7,Jinolice,5202,192,1,1party
549169,1,5200,7,Kbelnice,5202,208,1,1party
549177,1,6100,7,Zachotín,6103,238,1,1party
549193,1,5200,7,Zámostí-Blata,5202,119,1,1party
549207,1,5200,7,Nevratice,5202,161,1,1party
549274,1,5200,5,Rašín,5202,93,1,1party
549282,1,5200,7,Butoves,5202,294,1,1party
549312,1,5200,7,Kacákova Lhota,5202,158,1,1party
549339,2,3100,11,Čimelice,3104,965,1,1party
549347,1,3100,15,Čížová,3104,1224,1,1party
549398,1,3100,7,Heřmaň,3104,278,1,1party
549436,1,7200,7,Komárov,7204,329,1,1party
549550,1,7200,5,Lhotsko,7204,271,1,1party
549681,1,3100,7,Orlík nad Vltavou,3104,287,1,1party
549690,1,7200,7,Bořenovice,7201,189,1,1party
549738,1,6200,7,Ponětovice,6203,413,1,1party
549789,1,6200,7,Říčky,6203,361,1,1party
549827,1,3100,9,Ražice,3104,379,1,1party
549835,1,6100,5,Milasín,6105,44,1,1party
549886,1,6100,5,Střítež,6105,104,1,1party
549941,1,6100,5,Rosička,6105,46,1,1party
550043,1,3100,7,Zběšičky,3104,150,1,1party
550078,1,6200,7,Přeskače,6207,104,1,1party
550108,1,6200,7,Kozlany,6206,361,1,1party
550116,1,3100,7,Bohumilice,3105,323,1,1party
550175,1,6200,9,Podomí,6206,415,1,1party
550183,1,3100,9,Dub,3105,395,1,1party
550205,1,3100,9,Horní Vltavice,3105,363,1,1party
550299,1,6100,7,Smrčná,6102,388,1,1party
550337,1,3100,7,Kvilda,3105,136,1,1party
550469,1,6100,5,Pálovice,6104,165,1,1party
550477,1,6100,5,Chotěbudice,6104,99,1,1party
550493,1,6100,7,Radkovice u Budče,6104,149,1,1party
550574,1,3100,7,Šumavské Hoštice,3105,415,1,1party
550591,1,6100,7,Jiratice,6104,70,1,1party
550604,1,3100,7,Tvrzice,3105,125,1,1party
550655,1,3100,9,Vitějovice,3105,512,1,1party
550680,1,3100,7,Záblatí,3105,346,1,1party
550698,2,3100,7,Zálezly,3105,308,1,1party
550701,1,3100,9,Zbytiny,3105,309,1,1party
550761,1,3100,5,Želnava,3105,102,1,1party
550779,1,6100,7,Naloučany,6104,161,1,1party
550795,1,6200,7,Podbřežice,6206,245,1,1party
550833,1,3100,7,Bílsko,3106,206,1,1party
550841,1,6200,5,Jiřice u Moravských Budějovic,6207,54,1,1party
550949,1,3100,7,Čepřovice,3106,195,1,1party
551015,1,3100,9,Drahonice,3106,357,1,1party
551121,1,3100,7,Hoštice,3106,150,1,1party
551261,1,3100,7,Kraselov,3106,221,1,1party
551341,1,3100,7,Litochovice,3106,278,1,1party
551457,1,2100,7,Studeněves,2103,478,1,1party
551546,1,6100,7,Dubovice,6103,74,1,1party
551571,1,3100,7,Paračov,3106,111,1,1party
551597,1,3100,7,Hajany,3106,133,1,1party
551635,1,3100,9,Předslavice,3106,264,1,1party
551741,1,3100,7,Skočice,3106,224,1,1party
551759,1,3100,7,Sousedovice,3106,293,1,1party
551783,1,8100,7,Valšov,8101,247,1,1party
551821,2,8100,7,Tvrdkov,8101,240,1,1party
551864,1,8100,7,Dívčí Hrad,8101,305,1,1party
551899,2,3100,7,Třebohostice,3106,312,1,1party
551937,1,3100,7,Uzenice,3106,114,1,1party
551996,1,8100,7,Ludvíkov,8101,281,1,1party
552038,1,7100,7,Loučka,7102,202,1,1party
552097,1,3100,9,Borkovice,3107,231,1,1party
552127,1,3100,6,Bradáčov,3107,46,1,1party
552143,1,3100,9,Budislav,3107,378,1,1party
552208,2,3100,9,Dírná,3107,399,1,1party
552216,1,7100,7,Luběnice,7102,462,1,1party
552241,1,3100,15,Dolní Hořice,3107,820,1,1party
552259,1,7100,5,Olbramice,7102,215,1,1party
552275,1,3100,7,Dráchov,3107,239,1,1party
552283,1,3100,9,Dražice,3107,824,1,1party
552364,1,7100,7,Ústín,7102,436,1,1party
552381,1,7100,9,Nová Hradečná,7102,802,1,1party
552399,1,7100,7,Želechovice,7102,237,1,1party
552429,1,7100,7,Svésedlice,7102,202,1,1party
552500,1,8100,7,Pazderna,8102,291,1,1party
552607,1,8100,9,Dolní Tošanovice,8102,346,1,1party
552658,1,8100,7,Smilovice,8102,789,1,1party
552721,1,3100,7,Myslkovice,3107,395,1,1party
552755,1,7100,7,Věžky,7104,211,1,1party
552836,1,7100,7,Turovice,7104,223,1,1party
552861,1,3100,9,Pojbuky,3107,116,1,1party
552887,1,7100,7,Stříbrnice,7104,282,1,1party
552895,1,3100,9,Přehořov,3107,359,1,1party
552933,1,3100,9,Radimovice u Želče,3107,384,1,1party
552950,1,7100,7,Šišma,7104,216,1,1party
552984,1,7100,5,Dolní Těšice,7104,60,1,1party
552992,1,3100,15,Ratibořské Hory,3107,738,1,1party
553018,1,3100,7,Roudná,3107,542,1,1party
553042,1,8100,5,Mladecko,8105,141,1,1party
553107,1,8100,5,Bratříkovice,8105,153,1,1party
553140,4,3100,9,Stádlec,3107,568,1,1party
553166,3,3100,15,Sudoměřice u Bechyně,3107,757,1,1party
553182,1,3100,7,Sviny,3107,336,1,1party
553247,1,7100,7,Kopřivná,7105,271,1,1party
553280,1,3100,7,Vilice,3107,136,1,1party
553298,1,3100,9,Vlastiboř,3107,314,1,1party
553310,1,3100,7,Vlkov,3107,162,1,1party
553336,1,7100,7,Třeština,7105,384,1,1party
553352,1,7100,7,Postřelmůvek,7105,307,1,1party
553387,1,7100,7,Hraběšice,7105,167,1,1party
553514,1,3200,9,Čermná,3201,252,1,1party
553522,1,3200,7,Tužice,3202,93,1,1party
553565,1,3200,7,Polánka,3204,45,1,1party
553581,1,3200,9,Draženov,3201,430,1,1party
553603,1,3200,7,Studená,3205,36,1,1party
553611,1,3200,9,Litohlavy,3206,516,1,1party
553638,1,5100,7,Tachov,5101,214,1,1party
553701,1,5200,7,Bačalky,5202,156,1,1party
553727,1,3200,7,Chocomyšl,3201,115,1,1party
553778,1,3200,7,Kaničky,3201,28,1,1party
553841,1,3200,7,Kvíčovice,3201,391,1,1party
553883,1,6200,5,Ústup,6201,45,1,1party
553891,2,3200,7,Luženičky,3201,378,1,1party
553905,1,7200,9,Mrlínek,7201,275,1,1party
553921,1,3200,7,Mezholezy,3201,109,1,1party
553930,1,3200,7,Mezholezy,3201,119,1,1party
554081,1,3200,9,Pasečnice,3201,209,1,1party
554189,1,3200,7,Rybník,3201,190,1,1party
554251,1,3200,7,Spáňov,3201,190,1,1party
554383,1,3200,7,Újezd,3201,416,1,1party
554391,1,3200,7,Únějovice,3201,114,1,1party
554413,1,3200,9,Velký Malahov,3201,247,1,1party
554421,1,3200,7,Vidice,3201,163,1,1party
554448,1,3200,8,Všepadly,3201,42,1,1party
554456,1,3200,15,Všeruby,3201,790,1,1party
554464,5,3200,13,Zahořany,3201,992,1,1party
554472,1,3200,7,Ždánov,3201,153,1,1party
554502,1,4100,9,Dolní Žandov,4101,1207,1,1party
554596,1,4100,7,Křižovatka,4101,273,1,1party
555045,1,4100,7,Božičany,4102,641,1,1party
555169,1,4100,7,Horní Blatná,4102,420,1,1party
555207,1,4100,9,Chyše,4102,575,1,1party
555312,1,8100,7,Kujavy,8104,555,1,1party
555614,1,4100,7,Šemnice,4102,673,1,1party
556076,1,3200,9,Dlouhá Ves,3202,840,1,1party
556319,3,3200,7,Hradešice,3202,418,1,1party
556734,3,3200,9,Myslív,3202,426,1,1party
556874,1,7200,7,Petrůvka,7204,328,1,1party
556912,4,3200,15,Pačejov,3202,751,1,1party
556947,1,4100,7,Pila,4102,533,1,1party
556955,8,3200,15,Plánice,3202,1651,1,1party
556980,2,7200,9,Rokytnice,7204,587,1,1party
557021,1,3200,7,Rejštejn,3202,254,1,1party
557081,1,3200,7,Sytno,3207,330,1,1party
557129,1,3200,7,Strašín,3202,315,1,1party
557137,1,3200,15,Strážov,3202,1408,1,1party
557196,1,7100,9,Pavlovice u Kojetína,7103,277,1,1party
557200,6,3200,7,Švihov,3202,1689,1,1party
557463,2,3200,9,Zavlekov,3202,416,1,1party
557641,1,3200,7,Čižice,3204,538,1,1party
557668,2,3200,15,Dnešice,3204,859,1,1party
557722,2,3200,7,Horšice,3204,429,1,1party
557773,1,3200,5,Chlum,3204,237,1,1party
557951,5,3200,7,Letiny,3204,689,1,1party
558010,1,3200,7,Louňová,3204,100,1,1party
558028,3,3200,9,Lužany,3204,660,1,1party
558044,2,3200,15,Merklín,3204,1194,1,1party
558052,5,3200,11,Mileč,3204,381,1,1party
558079,1,3200,7,Mohelnice,3204,61,1,1party
558095,1,3200,7,Nekvasovy,3204,178,1,1party
558117,1,3200,7,Netunice,3204,199,1,1party
558231,1,3200,7,Prádlo,3204,258,1,1party
558257,3,3200,11,Příchovice,3204,1073,1,1party
558346,2,3200,11,Soběkury,3204,600,1,1party
558494,1,3200,7,Ves Touškov,3204,361,1,1party
558672,1,3200,7,Blatnice,3205,862,1,1party
558699,1,3200,7,Bučí,3205,163,1,1party
558745,1,3200,7,Česká Bříza,3205,569,1,1party
558788,1,3200,7,Dolany,3205,291,1,1party
558796,1,3200,7,Dolní Bělá,3205,435,1,1party
558800,1,3200,5,Dolní Hradiště,3205,54,1,1party
558834,1,3200,9,Druztová,3205,780,1,1party
558966,2,3200,11,Chrást,3203,1881,1,1party
559024,1,3200,7,Kopidlo,3205,146,1,1party
559032,1,3200,7,Koryta,3205,135,1,1party
559059,1,3200,9,Kozolupy,3205,1088,1,1party
559105,1,3200,7,Křelovice,3205,231,1,1party
559148,1,3200,7,Ledce,3205,827,1,1party
559164,3,3200,15,Líně,3205,2669,1,1party
559202,3,3200,13,Manětín,3205,1125,1,1party
559253,1,3200,7,Nadryby,3205,127,1,1party
559318,1,3200,7,Obora,3205,550,1,1party
559377,1,3200,9,Pňovany,3205,443,1,1party
559393,1,3200,9,Přehýšov,3205,459,1,1party
559431,1,3200,7,Rybnice,3205,542,1,1party
559555,1,3200,9,Úlice,3205,501,1,1party
559709,1,3200,7,Žilov,3205,425,1,1party
559733,1,3200,7,Březina,3206,357,1,1party
559741,1,3200,7,Bujesily,3206,60,1,1party
559768,1,3200,5,Cekov,3206,130,1,1party
559792,1,3200,7,Ejpovice,3206,676,1,1party
559849,1,3200,7,Hůrky,3206,234,1,1party
559903,1,3200,7,Kařez,3206,674,1,1party
559911,1,3200,7,Klabava,3206,464,1,1party
559946,1,3200,7,Lhotka u Radnic,3206,58,1,1party
559954,1,3200,7,Liblín,3206,273,1,1party
560057,2,3200,11,Osek,3206,1359,1,1party
560081,1,3200,9,Podmokly,3206,253,1,1party
560111,1,3200,7,Přívětice,3206,205,1,1party
560171,1,3100,5,Budyně,3106,47,1,1party
560189,1,3200,7,Těně,3206,280,1,1party
560197,1,3100,7,Lažany,3106,52,1,1party
560201,1,3100,7,Nová Ves,3106,87,1,1party
560219,1,3100,7,Drachkov,3106,197,1,1party
560227,1,3200,7,Vejvanov,3206,234,1,1party
560308,1,4100,7,Bublava,4103,401,1,1party
560332,1,4100,7,Dasnice,4103,278,1,1party
560391,1,3100,5,Kuřimany,3106,34,1,1party
560405,1,3100,7,Kladruby,3106,149,1,1party
560413,1,4100,7,Jindřichovice,4103,480,1,1party
560430,1,3100,7,Zhoř u Tábora,3107,164,1,1party
560456,1,4100,9,Krajková,4103,943,1,1party
560561,1,4100,5,Nová Ves,4103,185,1,1party
560596,1,4100,7,Přebuz,4103,69,1,1party
560618,1,4100,7,Rovná,4103,317,1,1party
560723,1,3200,7,Benešovice,3207,197,1,1party
560855,1,3200,7,Erpužice,3207,337,1,1party
560979,1,3200,7,Kšice,3207,209,1,1party
560987,1,3100,5,Drunče,3103,45,1,1party
560995,1,3100,5,Rosička,3103,59,1,1party
561002,1,3200,7,Lesná,3207,467,1,1party
561037,1,3100,5,Vícemil,3103,75,1,1party
561061,1,3100,7,Horní Skrýchov,3103,170,1,1party
561088,1,3100,7,Příbraz,3103,261,1,1party
561096,1,6100,7,Hojovice,6103,81,1,1party
561100,1,6100,7,Lidmaň,6103,286,1,1party
561118,1,6100,9,Bácovice,6103,88,1,1party
561193,1,3200,7,Staré Sedlo,3207,249,1,1party
561231,1,3200,7,Sulislav,3207,225,1,1party
561266,1,6100,7,Litohošť,6103,62,1,1party
561274,1,6100,7,Rovná,6103,54,1,1party
561363,1,6100,7,Zhořec,6103,102,1,1party
561401,1,5100,5,Blatce,5101,117,1,1party
561452,1,6100,7,Stojčín,6103,114,1,1party
561461,1,6100,7,Jankov,6103,36,1,1party
561525,1,3100,7,Horosedly,3104,136,1,1party
561584,1,5100,9,Holany,5101,505,1,1party
561622,1,5100,9,Chotovice,5101,174,1,1party
561657,1,5100,7,Janovice v Podještědí,5103,94,1,1party
561738,1,5100,9,Krompach,5101,165,1,1party
561746,1,5100,11,Kunratice u Cvikova,5101,615,1,1party
561771,1,6100,5,Vysoká Lhota,6103,15,1,1party
561827,2,5100,13,Mařenice,5101,308,1,1party
561878,1,5100,9,Nový Oldřichov,5101,775,1,1party
561916,1,6100,5,Pavlov,6103,123,1,1party
561924,1,6100,7,Dehtáře,6103,117,1,1party
561959,1,5100,11,Polevsko,5101,409,1,1party
561975,1,6100,7,Zajíčkov,6103,224,1,1party
561991,1,5100,9,Prysk,5101,437,1,1party
562149,1,3100,9,Minice,3104,35,1,1party
562173,1,5100,9,Velenice,5101,176,1,1party
562211,1,3100,7,Varvažov,3104,190,1,1party
562220,1,5100,7,Volfartice,5101,696,1,1party
562271,1,3100,7,Temešvár,3104,125,1,1party
562343,1,4200,7,Arnoltice,4201,410,1,1party
562386,1,3100,7,Hamr,3103,350,1,1party
562416,1,3100,7,Dobrohošť,3103,42,1,1party
562424,1,3100,5,Županovice,3103,65,1,1party
562467,1,3100,7,Dolní Pěna,3103,372,1,1party
562475,1,3100,7,Okrouhlá Radouň,3103,201,1,1party
562483,2,4200,7,Heřmanov,4201,513,1,1party
562491,1,3100,7,Kačlehy,3103,93,1,1party
562548,1,3100,7,Bednárec,3103,117,1,1party
562599,1,3100,7,Velký Ratmírov,3103,229,1,1party
562602,1,3100,7,Dolní Žďár,3103,156,1,1party
562637,1,3100,7,Frahelž,3103,148,1,1party
562670,1,3100,7,Ponědraž,3103,113,1,1party
562688,1,3100,7,Klec,3103,173,1,1party
562696,1,3100,5,Hadravova Rosička,3103,59,1,1party
562726,1,3100,7,Báňovice,3103,104,1,1party
562734,1,3100,5,Nová Olešná,3103,128,1,1party
562742,1,3100,7,Bořetín,3103,98,1,1party
562807,1,3100,5,Halámky,3103,175,1,1party
562831,1,3100,5,Hrachoviště,3103,77,1,1party
562866,1,3100,7,Mažice,3107,124,1,1party
562963,1,3100,7,Jedlany,3107,82,1,1party
562998,1,4200,9,Blatno,4202,545,1,1party
563048,1,4200,7,Domašín,4202,183,1,1party
563081,1,4200,9,Chbany,4202,609,1,1party
563153,1,3100,7,Třebějice,3107,70,1,1party
563226,1,4200,9,Měděnec,4202,140,1,1party
563234,1,3100,7,Meziříčí,3107,174,1,1party
563251,1,3100,5,Balkova Lhota,3107,126,1,1party
563293,1,4200,5,Pětipsy,4202,210,1,1party
563307,1,3100,7,Drhovice,3107,217,1,1party
563366,1,3100,5,Bečice,3107,75,1,1party
563773,1,5100,5,Radčice,5102,175,1,1party
563781,1,5100,7,Rádlo,5102,892,1,1party
563803,1,5100,7,Skuhrov,5102,582,1,1party
563846,1,5100,5,Vlastiboř,5102,119,1,1party
563927,1,3100,5,Zadní Střítež,3107,39,1,1party
563951,1,3100,5,Únice,3106,61,1,1party
563986,1,3100,7,Klenovice,3107,651,1,1party
564079,1,5100,7,Horní Řasnice,5103,222,1,1party
564109,1,5100,15,Chotyně,5103,1006,1,1party
564206,1,5100,9,Lázně Libverda,5103,424,1,1party
564214,1,2100,7,Počaply,2111,100,1,1party
564231,1,5100,9,Mníšek,5103,1552,1,1party
564273,1,2100,7,Svojšice,2111,110,1,1party
564311,1,5100,9,Pertoltice,5103,287,1,1party
564320,1,2100,7,Zbenice,2111,131,1,1party
564508,1,2100,7,Dubno,2111,301,1,1party
564524,1,2100,5,Nepomuk,2111,193,1,1party
564541,1,5100,7,Zdislava,5103,273,1,1party
564672,1,4200,7,Ctiněves,4203,348,1,1party
564699,1,4200,7,Černiv,4203,156,1,1party
564702,1,2100,7,Masojedy,2104,86,1,1party
564753,1,4200,7,Doksany,4203,395,1,1party
564818,1,4200,7,Dušníky,4203,428,1,1party
564869,1,2100,7,Březí,2109,539,1,1party
564923,2,4200,9,Chodouny,4203,650,1,1party
564966,1,4200,7,Chotiněves,4203,203,1,1party
564974,1,2100,7,Káraný,2109,776,1,1party
564991,1,2100,7,Křenice,2109,761,1,1party
565008,1,2100,7,Dobročovice,2109,295,1,1party
565016,1,4200,7,Keblice,4203,368,1,1party
565041,1,2100,7,Břežany,2112,138,1,1party
565075,1,4200,7,Křesín,4203,333,1,1party
565130,1,2100,5,Všesulov,2112,135,1,1party
565148,1,4200,7,Libkovice pod Řípem,4203,550,1,1party
565156,1,4200,7,Libochovany,4203,582,1,1party
565172,1,4200,9,Libotenice,4203,438,1,1party
565181,1,2100,5,Děkov,2112,207,1,1party
565202,1,2100,5,Hracholusky,2112,75,1,1party
565288,1,2100,7,Karlova Ves,2112,129,1,1party
565296,1,4200,7,Mlékojedy,4203,232,1,1party
565326,1,2100,7,Švihov,2112,53,1,1party
565334,1,2100,7,Hvozd,2112,172,1,1party
565351,1,2100,7,Krakov,2112,138,1,1party
565369,1,2100,7,Krakovec,2112,81,1,1party
565393,1,4200,7,Ploskovice,4203,453,1,1party
565440,1,2100,5,Kalivody,2112,102,1,1party
565466,1,2100,7,Milý,2112,188,1,1party
565474,1,4200,7,Přestavlky,4203,284,1,1party
565482,1,4200,7,Račice,4203,338,1,1party
565491,1,4200,7,Račiněves,4203,585,1,1party
565504,1,2100,7,Řeřichy,2112,88,1,1party
565512,1,2100,5,Václavy,2112,67,1,1party
565521,1,4200,7,Radovesice,4203,499,1,1party
565539,1,2100,9,Sovínky,2107,330,1,1party
565598,1,4200,7,Siřejovice,4203,273,1,1party
565628,1,2100,7,Vinařice,2107,305,1,1party
565636,1,2100,7,Rohatsko,2107,263,1,1party
565644,1,2100,7,Mečeříž,2107,506,1,1party
565652,1,2100,9,Rabakov,2107,52,1,1party
565661,1,2100,5,Řitonice,2107,89,1,1party
565733,1,2100,7,Hrušov,2107,218,1,1party
565741,1,4200,9,Travčice,4203,611,1,1party
565750,1,2100,7,Bílá Hlína,2107,108,1,1party
565776,2,4200,15,Třebívlice,4203,859,1,1party
565792,1,4200,9,Třebušín,4203,550,1,1party
565822,1,2100,5,Mohelnice nad Jizerou,2107,99,1,1party
565865,1,4200,7,Vchynice,4203,306,1,1party
565873,1,4200,7,Vlastislav,4203,171,1,1party
565881,1,4200,7,Vražkov,4203,426,1,1party
565890,1,4200,9,Vrbice,4203,545,1,1party
565903,1,4200,7,Vrbičany,4203,306,1,1party
565911,1,4200,7,Vrutice,4203,319,1,1party
565938,1,4200,7,Žabovřesky nad Ohří,4203,265,1,1party
565989,1,2100,5,Hlavenec,2109,381,1,1party
566012,1,4200,7,Blažim,4204,246,1,1party
566039,1,2100,7,Jizerní Vtelno,2107,346,1,1party
566080,1,3200,6,Čečovice,3201,105,1,1party
566144,1,3200,7,Kanice,3201,204,1,1party
566179,1,3200,7,Hradiště,3201,164,1,1party
566209,1,3200,7,Otov,3201,102,1,1party
566250,1,3200,7,Vlkanov,3201,133,1,1party
566331,1,3200,7,Hvožďany,3201,35,1,1party
566373,1,3200,7,Pelechy,3201,79,1,1party
566381,1,4200,7,Libořice,4204,347,1,1party
566420,1,3200,5,Líté,3205,200,1,1party
566446,1,3200,7,Loza,3205,261,1,1party
566462,1,3200,7,Lochousice,3205,121,1,1party
566471,1,3200,7,Bohy,3205,125,1,1party
566489,1,3200,7,Brodeslavy,3205,70,1,1party
566497,1,3200,7,Všehrdy,3205,55,1,1party
566594,1,3200,5,Újezd nade Mží,3205,98,1,1party
566641,1,3200,7,Hlohovčice,3201,170,1,1party
566683,1,3200,7,Dražovice,3202,159,1,1party
566705,1,3200,7,Borovno,3204,91,1,1party
566730,1,3200,7,Holovousy,3205,61,1,1party
566748,1,3200,7,Slatina,3205,63,1,1party
566764,1,3200,7,Blažim,3205,61,1,1party
566799,1,3200,7,Všenice,3206,270,1,1party
566802,1,3200,7,Terešov,3206,170,1,1party
566811,1,3200,7,Kamenec,3206,67,1,1party
566837,1,3200,7,Němčovice,3206,168,0,1party
566853,3,4200,9,Tuchořice,4204,681,1,1party
566888,1,3200,7,Olbramov,3207,56,1,1party
566900,1,4200,7,Růžová,4201,530,1,1party
566918,1,4200,7,Vinařice,4204,233,1,1party
567086,1,3200,7,Příšov,3205,304,1,1party
567108,1,4200,7,Český Jiřetín,4205,90,1,1party
567248,1,4200,7,Lišnice,4205,202,1,1party
567345,1,4200,7,Patokryje,4205,449,1,1party
567931,1,4200,7,Dolní Zálezly,4207,572,1,1party
568163,1,8100,7,Žermanice,8102,324,1,1party
568198,1,8100,7,Staré Těchanovice,8105,157,1,1party
568279,1,8100,7,Mikolajice,8105,284,1,1party
568287,1,4200,7,Tašov,4207,149,1,1party
568406,1,8100,9,Slatina,8104,770,1,1party
568457,1,6100,7,Bojiště,6101,258,1,1party
568465,1,6100,7,Borek,6101,126,1,1party
568490,1,6100,7,Čachotín,6101,186,1,1party
568571,1,8100,5,Heřmánky,8104,164,1,1party
568741,1,8100,9,Albrechtičky,8104,695,1,1party
568767,1,6100,7,Chrtníč,6101,116,1,1party
568783,1,6100,5,Jedlá,6101,80,1,1party
568805,1,6100,7,Jeřišno,6101,271,1,1party
568937,1,6100,7,Krátká Ves,6101,136,1,1party
568953,1,6100,7,Květinov,6101,241,1,1party
569003,1,7100,9,Liboš,7102,635,1,1party
569062,1,6100,9,Lučice,6101,633,1,1party
569071,1,6100,7,Malčín,6101,213,1,1party
569119,1,8100,7,Čavisov,8106,501,1,1party
569135,1,7100,7,Císařov,7104,303,1,1party
569208,1,6100,7,Olešenka,6101,181,1,1party
569259,1,7100,7,Dolní Nětčice,7104,241,1,1party
569267,1,7100,9,Hlinsko,7104,235,1,1party
569275,1,7100,7,Horní Nětčice,7104,209,1,1party
569283,1,7100,7,Kladníky,7104,148,1,1party
569291,1,6100,7,Pohled,6101,754,1,1party
569313,1,6100,7,Prosíčka,6101,135,1,1party
569364,1,6100,5,Radostín,6101,159,1,1party
569372,1,7100,7,Krchleby,7105,169,1,1party
569429,1,6100,9,Sázavka,6101,327,1,1party
569461,1,6100,7,Skryje,6101,183,1,1party
569488,2,6100,7,Slavíkov,6101,300,1,1party
569526,1,8100,9,Milotice nad Opavou,8101,382,1,1party
569623,1,6100,9,Trpišovice,6101,171,1,1party
569674,2,6100,7,Vepříkov,6101,324,1,1party
569739,1,6100,9,Vlkanov,6101,52,1,1party
569771,1,7100,7,Suchonice,7102,180,1,1party
569828,1,5200,7,Babice,5201,189,1,1party
569852,1,5200,7,Běleč nad Orlicí,5201,335,1,1party
569861,1,5200,5,Benátky,5201,122,1,1party
569917,3,5200,15,Černilov,5201,2408,1,1party
569933,1,5200,7,Čistěves,5201,165,1,1party
569941,1,5200,7,Divec,5201,230,1,1party
569992,1,5200,7,Habřina,5201,302,1,1party
570061,1,7100,7,Špičky,7104,291,1,1party
570117,1,7100,7,Šléglov,7105,42,1,1party
570125,1,5200,7,Chudeřice,5201,258,1,1party
570176,1,5200,7,Kosice,5201,347,1,1party
570206,1,5200,7,Kratonohy,5201,576,1,1party
570257,1,5200,7,Libníkovice,5201,160,1,1party
570273,1,5200,7,Libřice,5201,291,1,1party
570290,1,5200,7,Lišice,5201,157,1,1party
570311,1,5200,10,Lochenice,5201,596,1,1party
570346,1,7200,9,Janová,7203,751,1,1party
570419,1,5200,7,Mokrovousy,5201,379,1,1party
570427,1,5200,5,Myštěves,5201,168,1,1party
570524,1,5200,7,Olešnice,5201,366,1,1party
570532,1,5200,7,Osice,5201,488,1,1party
570729,1,5200,7,Radostov,5201,130,1,1party
570753,1,2100,5,Prodašice,2107,89,1,1party
570796,1,5200,7,Sendražice,5201,431,1,1party
570818,1,2100,7,Dalovice,2107,249,1,1party
570842,1,2100,7,Vinec,2107,295,1,1party
570851,1,5200,9,Sloupno,5201,519,1,1party
570893,1,2100,7,Obrubce,2107,216,1,1party
570923,1,2100,5,Přepeře,2107,122,1,1party
570940,1,2100,9,Dolní Stakory,2107,275,1,1party
570958,1,5200,7,Stračov,5201,302,1,1party
570991,1,2100,5,Ctiměřice,2107,141,1,1party
571075,1,2100,7,Kluky,2107,75,0,1party
571105,1,5200,7,Výrava,5201,409,1,1party
571113,2,5200,7,Vysoká nad Labem,5201,1626,1,1party
571121,1,2100,5,Niměřice,2107,290,1,1party
571172,1,2100,9,Kobylnice,2107,157,1,1party
571199,1,2100,7,Bratřínov,2110,190,1,1party
571211,1,2100,7,Klínec,2110,705,1,1party
571229,1,5300,7,Bořice,5301,179,1,1party
571237,1,5300,7,Bousov,5301,202,1,1party
571270,1,5300,9,Čankovice,5301,339,1,1party
571300,1,5300,7,Dědová,5301,134,1,1party
571334,1,2100,5,Okoř,2110,103,1,1party
571342,1,2100,7,Svrkyně,2110,299,1,1party
571377,1,5300,7,Hamry,5301,234,1,1party
571415,1,2100,7,Xaverov,2101,59,1,1party
571431,1,2100,7,Vrbičany,2103,226,1,1party
571458,2,5300,7,Honbice,5301,155,1,1party
571512,1,2100,5,Kutrovice,2103,114,1,1party
571555,1,2100,5,Líský,2103,113,1,1party
571563,2,5300,9,Jenišovice,5301,415,1,1party
571636,1,2100,7,Němčice,2104,370,1,1party
571644,1,2100,7,Štíhlice,2109,181,1,1party
571679,1,2100,7,Oplany,2109,104,1,1party
571695,1,5300,9,Leština,5304,321,1,1party
571750,1,5300,7,Lozice,5301,163,1,1party
571849,1,2100,5,Chudíř,2107,204,1,1party
571881,1,2100,7,Strážiště,2107,117,1,1party
571903,2,5300,9,Načešice,5301,595,1,1party
571938,1,2100,7,Ptýrov,2107,297,1,1party
571954,1,2100,7,Sudovo Hlavno,2109,480,1,1party
571989,1,2100,7,Dobšín,2107,265,1,1party
572012,1,2100,5,Kovanec,2107,118,1,1party
572047,1,5200,7,Kyje,5202,53,1,1party
572063,1,5300,7,Pokřikov,5301,256,1,1party
572233,1,5300,7,Řídký,5303,68,1,1party
572284,1,5300,7,Hartinkov,5303,52,1,1party
572381,1,5300,7,Tisovec,5301,320,1,1party
572403,1,5300,7,Trojovice,5301,187,1,1party
572420,1,5300,9,Tuněchody,5301,622,1,1party
572446,1,5300,9,Úhřetice,5301,479,1,1party
572471,1,5300,7,Vejvanovice,5301,328,1,1party
572489,1,5300,5,Vinary,5304,132,1,1party
572497,1,5300,9,Vítanov,5301,452,1,1party
572519,1,5300,7,Biskupice,5303,449,1,1party
572586,1,5300,7,Bělá nad Svitavou,5303,509,1,1party
572608,1,5300,7,Nová Sídla,5303,218,1,1party
572756,1,5200,7,Tetín,5202,162,1,1party
572802,1,5300,5,Malé Výkleky,5302,125,1,1party
572829,3,5200,9,Dětenice,5202,732,1,1party
572845,1,5300,5,Lány u Dašic,5302,132,1,1party
572942,1,5300,5,Plch,5302,93,1,1party
573019,1,5300,5,Holotín,5302,52,1,1party
573027,1,5300,7,Sovolusky,5302,127,1,1party
573078,1,5300,7,Neratov,5302,164,1,1party
573108,2,5200,9,Libáň,5202,1730,1,1party
573191,1,5200,7,Sadová,5201,323,1,1party
573264,1,5200,7,Osek,5202,226,1,1party
573353,1,5200,5,Bukvice,5202,162,1,1party
573361,1,5200,7,Soběraz,5202,98,1,1party
573426,1,5300,5,Anenská Studánka,5304,176,1,1party
573523,1,5200,5,Staré Smrkovice,5202,267,1,1party
573558,1,6100,7,Boňkov,6101,79,1,1party
573647,1,5200,7,Tuř,5202,184,1,1party
573671,1,5200,7,Úhlejov,5202,150,1,1party
573698,1,5200,7,Úlibice,5202,300,1,1party
573728,1,5200,5,Veliš,5202,202,1,1party
573761,1,5200,5,Volanice,5202,219,1,1party
573779,1,5200,5,Máslojedy,5201,224,1,1party
573817,1,5300,5,Smrček,5301,132,1,1party
573825,2,5200,15,Železnice,5202,1285,1,1party
573850,1,5200,5,Žlunice,5202,243,1,1party
573884,1,5200,9,Bezděkov nad Metují,5203,571,1,1party
573906,1,5200,9,Borová,5203,205,1,1party
573973,1,5200,9,Česká Čermná,5203,510,1,1party
574058,1,5200,5,Heřmánkovice,5203,495,1,1party
574147,1,5200,7,Jestřebí,5203,165,1,1party
574180,1,5200,7,Lhota pod Hořičkami,5203,295,1,1party
574201,2,5100,7,Horka u Staré Paky,5104,249,1,1party
574236,1,5200,7,Mezilečí,5203,139,1,1party
574244,1,5200,7,Mezilesí,5203,241,1,1party
574309,1,5300,7,Bezděčí u Trnávky,5303,202,1,1party
574368,1,5200,7,Přibyslav,5203,198,1,1party
574384,1,5200,7,Rožnov,5203,379,1,1party
574392,1,5300,9,Sázava,5304,555,1,1party
574457,1,5200,7,Slavoňov,5203,286,1,1party
574546,3,5200,7,Kramolna,5203,1089,1,1party
574589,1,5200,7,Velký Třebešov,5203,327,1,1party
574635,1,5200,5,Vysoká Srbská,5203,274,1,1party
574660,1,5200,7,Zaloňov,5203,467,1,1party
574694,1,5200,7,Žďárky,5203,548,1,1party
574708,1,5200,9,Žernov,5203,267,1,1party
574724,1,5300,5,Barchov,5302,206,1,1party
574741,1,5300,7,Bezděkov,5302,310,1,1party
574813,1,5300,7,Bukovina nad Labem,5302,222,1,1party
574821,1,5300,6,Bukovina u Přelouče,5302,79,1,1party
574830,1,5300,7,Bukovka,5302,387,1,1party
574856,1,5300,11,Čeperka,5302,1104,1,1party
574864,1,5300,7,Čepí,5302,446,1,1party
574929,1,5300,7,Dolní Ředice,5302,942,1,1party
574961,1,5300,9,Hlavečník,5302,286,1,1party
575011,1,5300,15,Horní Ředice,5302,1027,1,1party
575062,1,5300,7,Choteč,5302,336,1,1party
575089,1,5300,7,Chvojenec,5302,747,1,1party
575151,1,5300,5,Kasalice,5302,183,1,1party
575194,1,5300,5,Kojice,5302,423,1,1party
575381,1,5300,7,Mokošín,5302,175,1,1party
575470,1,5300,6,Poběžovice u Přelouče,5302,102,1,1party
575534,1,5300,9,Ráby,5302,545,1,1party
575615,1,5300,7,Selmice,5302,203,1,1party
575658,1,5300,7,Slepotice,5302,433,1,1party
575682,2,5300,9,Srch,5302,1630,1,1party
575763,1,5300,7,Strašov,5302,335,1,1party
575780,1,5300,7,Svojšice,5302,263,1,1party
575810,1,5300,7,Tetov,5302,164,1,1party
575828,1,5300,7,Trusnov,5302,216,1,1party
575879,1,5300,7,Uhersko,5302,257,1,1party
575968,1,5300,9,Veselí,5302,364,1,1party
575984,1,5300,7,Vlčí Habřina,5302,311,1,1party
575992,1,5300,7,Voleč,5302,363,1,1party
576042,1,5300,7,Žáravice,5302,127,1,1party
576085,1,5200,9,Bačetín,5204,398,1,1party
576093,1,5200,7,Bartošovice v Orlických horách,5204,208,1,1party
576166,1,5200,9,Bystré,5204,259,1,1party
576221,1,5200,9,Čestice,5204,592,1,1party
576247,1,5200,9,Deštné v Orlických horách,5204,570,1,1party
576310,1,5200,7,Chleny,5204,210,1,1party
576328,1,5200,9,Janov,5204,116,1,1party
576506,1,5200,7,Lupenice,5204,275,1,1party
576522,1,5200,7,Mokré,5204,150,1,1party
576549,1,5200,7,Nová Ves,5204,185,1,1party
576565,1,5200,9,Ohnišov,5204,507,1,1party
576581,1,5200,9,Olešnice,5204,487,1,1party
576603,1,5200,7,Orlické Záhoří,5204,190,1,1party
576654,2,5200,9,Podbřezí,5204,550,1,1party
576735,1,5200,5,Říčky v Orlických horách,5204,85,1,1party
576743,1,5200,7,Sedloňov,5204,215,1,1party
576778,2,5200,15,Skuhrov nad Bělou,5204,1104,1,1party
576832,1,5200,7,Třebešov,5204,278,1,1party
576891,6,5200,15,Voděrady,5204,705,1,1party
576921,1,5200,7,Záměl,5204,626,1,1party
576930,1,5200,7,Zdelov,5204,250,1,1party
576956,1,5200,7,Žďár nad Orlicí,5204,512,1,1party
577014,1,5100,7,Bradlecká Lhota,5104,242,1,1party
577031,1,5100,5,Bukovina u Čisté,5104,213,1,1party
577049,1,5100,5,Bystrá nad Jizerou,5104,117,1,1party
577057,1,5100,7,Čistá u Horek,5104,566,1,1party
577111,1,5100,7,Holenice,5104,92,1,1party
577171,1,5100,7,Jesenný,5104,472,1,1party
577189,3,5100,9,Jestřabí v Krkonoších,5104,239,1,1party
577316,4,5100,15,Mírová pod Kozákovem,5104,1727,1,1party
577324,1,5100,7,Modřišice,5104,436,1,1party
577341,1,5100,7,Nová Ves nad Popelkou,5104,650,1,1party
577359,1,5100,9,Ohrazenice,5104,1114,1,1party
577421,1,5100,9,Příkrý,5104,245,1,1party
577448,1,5100,7,Rakousy,5104,92,1,1party
577481,1,5100,7,Roztoky u Semil,5104,115,1,1party
577529,1,5100,7,Slaná,5104,679,1,1party
577561,1,5100,7,Svojek,5104,178,1,1party
577600,1,5100,7,Troskovice,5104,97,1,1party
577677,1,5100,15,Všeň,5104,606,1,1party
577693,5,5100,15,Vysoké nad Jizerou,5104,1292,1,1party
577774,1,5300,9,Benátky,5303,363,1,1party
577821,1,5300,7,Bohuňovice,5303,112,1,1party
577898,1,5300,7,Březiny,5303,145,1,1party
577961,1,5300,9,Dětřichov,5303,329,1,1party
577979,1,4100,7,Poustka,4101,153,1,1party
578002,1,4100,7,Velký Luh,4101,158,1,1party
578045,1,4100,9,Krásný Les,4102,331,1,1party
578053,1,5300,7,Horky,5303,121,1,1party
578070,1,3200,9,Lomec,3202,132,1,1party
578088,1,3200,7,Biřkov,3202,131,1,1party
578134,1,5300,11,Janov,5303,980,1,1party
578169,1,5300,7,Jarošov,5303,184,1,1party
578185,1,5300,15,Jedlová,5303,1022,1,1party
578207,1,5300,9,Kamenec u Poličky,5303,547,1,1party
578291,1,5300,11,Květná,5303,427,1,1party
578304,1,5300,5,Lavičné,5303,113,1,1party
578321,1,3200,7,Újezd u Plánice,3202,119,1,1party
578398,1,5300,7,Mikuleč,5303,235,1,1party
578525,1,3200,7,Frymburk,3202,112,1,1party
578533,1,3200,7,Nezamyslice,3202,208,1,1party
578541,1,3200,7,Jarov,3204,222,1,1party
578568,1,3200,5,Čmelíny,3204,130,1,1party
578592,1,3200,7,Třebčice,3204,112,1,1party
578606,1,3200,7,Lhůta,3203,179,1,1party
578614,1,3200,7,Tojice,3204,94,1,1party
578631,1,5300,7,Pustá Kamenice,5303,321,1,1party
578649,1,5300,7,Pustá Rybná,5303,158,1,1party
578754,1,5300,5,Sklené,5303,227,1,1party
578762,1,5300,7,Slatina,5303,159,1,1party
578771,1,3200,5,Kočín,3205,135,1,1party
578819,1,5300,7,Strakov,5303,229,1,1party
578827,1,3200,7,Zahrádka,3205,149,1,1party
578860,1,5300,7,Študlov,5303,115,1,1party
578886,1,5300,7,Trpín,5303,421,1,1party
578916,1,5300,7,Újezdec,5303,106,1,1party
578924,1,3200,5,Velečín,3205,63,1,1party
578967,1,5300,5,Vítějeves,5303,423,1,1party
578991,1,5300,7,Vysoká,5303,36,1,1party
579009,1,3200,7,Medový Újezd,3206,247,1,1party
579114,2,5200,15,Černý Důl,5205,700,1,1party
579131,1,3200,7,Příkosice,3206,436,1,1party
579181,1,5200,9,Doubravice,5205,374,1,1party
579190,1,5200,11,Dubenec,5205,671,1,1party
579246,1,3200,7,Trokavec,3206,109,1,1party
579289,1,3200,7,Vísky,3206,48,1,1party
579301,1,5200,7,Hřibojedy,5205,221,1,1party
579386,1,5200,7,Klášterská Lhota,5205,231,1,1party
579394,1,5200,7,Kocbeře,5205,506,1,1party
579408,1,5200,7,Kohoutov,5205,272,1,1party
579441,1,5200,7,Lanžov,5205,191,1,1party
579459,1,3200,7,Ctiboř,3207,324,1,1party
579467,1,3200,7,Skapce,3207,109,1,1party
579483,1,5200,7,Libotov,5205,184,1,1party
579505,1,5200,9,Malá Úpa,5205,135,1,1party
579696,1,5200,7,Strážné,5205,223,1,1party
579751,1,5200,7,Trotina,5205,86,1,1party
579866,1,5200,7,Zlatá Olešnice,5205,202,1,1party
580066,1,5300,9,České Petrovice,5304,155,1,1party
580091,1,5300,7,Dobříkov,5304,515,1,1party
580210,1,5300,7,Džbánov,5304,364,1,1party
580341,1,5300,7,Hrušová,5304,361,1,1party
580562,1,5300,7,Libecina,5304,174,1,1party
580627,1,5300,11,Lukavice,5304,1147,1,1party
580759,1,5300,7,Pastviny,5304,370,1,1party
580775,1,5300,9,Písečná,5304,557,1,1party
580945,1,5300,7,Slatina,5304,447,1,1party
580961,1,5300,15,Sopotnice,5304,920,1,1party
580970,1,5300,9,Sruby,5304,584,1,1party
580988,1,5300,7,Strážná,5304,108,1,1party
581038,1,5300,7,Šedivec,5304,207,1,1party
581089,1,5300,7,Újezd u Chocně,5304,319,1,1party
581101,1,5300,7,Velká Skrovnice,5304,277,1,1party
581127,1,5300,7,Vlčkov,5303,102,1,1party
581151,2,5300,15,Vraclav,5304,758,1,1party
581178,1,5300,11,Výprachtice,5304,971,1,1party
581224,1,5300,15,Zámrsk,5304,729,1,1party
581232,1,5300,7,Zářecká Lhota,5304,209,1,1party
581356,1,6200,7,Borotín,6201,403,1,1party
581429,1,6200,7,Březina,6203,1027,1,1party
581526,1,6200,7,Dlouhá Lhota,6201,132,0,1party
581534,1,6200,7,Chrudichromy,6201,197,1,1party
581577,1,6200,5,Hluboké Dvory,6203,82,1,1party
581721,1,6200,7,Kněževes,6201,174,1,1party
581763,1,6200,13,Kotvrdovice,6201,901,1,1party
581836,1,6200,7,Kulířov,6201,164,1,1party
581844,1,6200,6,Kunčina Ves,6201,63,1,1party
581887,1,6200,7,Lazinov,6201,164,1,1party
581909,1,6200,9,Lažany,6201,413,1,1party
581925,1,6200,7,Lhota Rapotina,6201,415,1,1party
581950,1,6200,15,Lipovec,6201,1143,0,1party
581992,1,6200,7,Lubě,6201,95,1,1party
582026,1,6200,5,Makov,6201,47,1,1party
582034,1,6200,7,Malá Lhota,6201,144,1,1party
582042,1,6200,7,Malá Roudka,6201,210,1,1party
582077,1,6200,7,Milonice,6201,171,1,1party
582204,1,6200,7,Petrov,6201,128,1,1party
582212,1,6200,13,Petrovice,6201,638,1,1party
582255,1,6200,7,Rašov,6203,228,1,1party
582280,1,6200,9,Rozsíčka,6201,143,1,1party
582328,1,6200,9,Senetářov,6201,579,1,1party
582379,1,6200,7,Strhaře,6203,121,1,1party
582395,1,6200,7,Sudice,6201,469,1,1party
582409,1,6200,9,Suchý,6201,444,1,1party
582417,1,6200,7,Sulíkov,6201,300,1,1party
582433,1,6200,5,Svinošice,6201,355,1,1party
582476,2,6200,9,Šebrov-Kateřina,6201,818,1,1party
582492,1,6200,7,Štěchov,6201,179,1,1party
582557,1,6200,7,Újezd u Černé Hory,6201,263,1,1party
582662,1,6200,9,Vísky,6201,253,1,1party
582689,1,6200,7,Vranová,6201,367,1,1party
582743,1,6200,9,Žďár,6201,406,1,1party
582778,1,6200,5,Žerůtky,6201,74,1,1party
582808,1,6200,7,Babice u Rosic,6203,741,1,1party
582930,1,6200,7,Čučice,6203,437,1,1party
583090,1,6200,7,Hvozdec,6203,316,1,1party
583154,1,6200,7,Javůrek,6203,308,1,1party
583171,1,6200,7,Jinačovice,6203,744,1,1party
583189,1,6200,15,Jiříkovice,6203,910,1,1party
583235,1,6200,7,Kratochvilka,6203,460,1,1party
583260,1,6200,9,Lažánky,6203,720,1,1party
583278,1,6200,9,Ledce,6203,216,1,1party
583294,1,6200,5,Lesní Hluboké,6203,265,1,1party
583367,1,6200,9,Medlov,6203,830,1,1party
583375,1,6200,7,Mělčany,6203,501,1,1party
583421,1,6200,15,Moravské Bránice,6203,1003,1,1party
583456,1,6200,9,Nebovidy,6203,762,1,1party
583499,1,6200,9,Nesvačilka,6203,322,1,1party
583502,1,6200,9,Nová Ves,6203,790,1,1party
583596,1,6200,15,Ostopovice,6203,1667,1,1party
583600,1,6200,7,Ostrovačice,6203,703,1,1party
583723,2,6200,7,Přibyslavice,6203,512,1,1party
583774,1,6200,9,Rebešovice,6203,970,1,1party
583804,1,6200,7,Rudka,6203,385,1,1party
583944,1,6200,7,Šerkovice,6203,306,1,1party
584118,1,6200,9,Veverské Knínice,6203,948,1,1party
584193,1,6200,7,Zálesná Zhoř,6203,62,1,1party
584401,1,6200,9,Diváky,6204,509,1,1party
584525,1,6200,7,Jevišovka,6204,659,1,1party
585041,1,6200,9,Vrbice,6204,1091,1,1party
585131,1,7200,9,Březová,7204,502,1,1party
585165,1,7200,7,Dobrkovice,7204,256,1,1party
585173,1,7200,7,Dolní Lhota,7204,646,1,1party
585238,1,7200,7,Haluzice,7204,81,1,1party
585254,1,7200,7,Hostišová,7204,513,1,1party
585262,1,7200,9,Hrobice,7204,472,1,1party
585271,1,7200,11,Hřivínův Újezd,7204,550,1,1party
585327,1,7200,7,Kaňovice,7204,287,1,1party
585726,1,7200,7,Sazovice,7204,775,1,1party
585793,1,7200,15,Spytihněv,7204,1679,1,1party
586005,1,6200,5,Závist,6201,144,1,1party
586111,1,6200,7,Čeložnice,6205,399,1,1party
586153,1,6200,7,Dražůvky,6205,273,1,1party
586234,1,6200,7,Josefov,6205,407,1,1party
586242,1,6200,5,Karlín,6205,232,1,1party
586285,1,6200,9,Kozojídky,6205,522,1,1party
586536,1,6200,5,Skalka,6205,154,1,1party
586617,1,6200,9,Suchov,6205,480,1,1party
586854,1,6100,7,Arnolec,6102,170,1,1party
586871,1,7200,7,Lipová,7204,373,1,1party
586889,1,6100,7,Bílý Kámen,6102,276,1,1party
586927,1,6100,7,Boršov,6102,166,1,1party
587036,1,6100,7,Dobroutov,6102,294,1,1party
587095,1,6100,9,Dušejov,6102,466,1,1party
587125,1,6100,7,Hladov,6102,175,1,1party
587150,1,6100,5,Hojkov,6102,147,1,1party
587168,2,6100,7,Horní Dubenky,6102,608,1,1party
587176,1,6100,7,Rančířov,6102,420,1,1party
587192,1,6100,7,Hostětice,6102,135,1,1party
587206,1,6100,7,Horní Myslová,6102,91,1,1party
587214,1,6100,7,Olší,6102,70,1,1party
587222,1,6100,7,Hubenov,6102,136,1,1party
587273,1,6100,7,Jezdovice,6102,245,1,1party
587290,1,6100,7,Jihlávka,6102,204,1,1party
587338,1,6100,7,Kaliště,6102,154,1,1party
587354,1,7200,7,Karolín,7201,252,1,1party
587371,1,6100,5,Klatovec,6102,72,1,1party
587389,1,6100,7,Knínice,6102,187,1,1party
587397,1,7200,9,Prasklice,7201,232,1,1party
587460,1,6100,7,Stropešín,6104,126,1,1party
587486,1,6100,9,Malý Beranov,6102,636,1,1party
587508,1,6100,7,Měšín,6102,272,1,1party
587524,1,6100,7,Milíčov,6102,133,1,1party
587567,1,6100,7,Mysliboř,6102,207,1,1party
587613,1,6100,5,Olšany,6102,76,1,1party
587621,1,6100,7,Opatov,6102,199,1,1party
587648,1,6100,7,Otín,6102,86,1,1party
587656,1,6100,7,Panenská Rozsíčka,6102,158,1,1party
587672,1,6100,7,Panské Dubenky,6102,124,1,1party
587753,1,6100,5,Tři Studně,6105,101,1,1party
587761,1,6100,7,Radkov,6102,252,1,1party
587796,1,6100,9,Rohozná,6102,413,1,1party
587800,1,6100,7,Rozseč,6102,177,1,1party
587818,1,6100,7,Růžená,6102,354,1,1party
587826,1,6100,7,Rybné,6102,125,1,1party
587893,1,6100,7,Velké Tresné,6105,109,1,1party
587915,1,6100,7,Stáj,6102,169,1,1party
587940,1,6100,5,Strachoňovice,6102,81,1,1party
587982,1,6100,7,Suchá,6102,259,1,1party
588008,1,6100,7,Šimanov,6102,207,1,1party
588105,1,6100,6,Vápovice,6102,39,1,1party
588148,1,6100,7,Věžnička,6102,134,1,1party
588202,1,6100,7,Záborná,6102,255,1,1party
588253,1,6100,7,Zhoř,6102,453,1,1party
588288,1,6100,9,Ždírec,6102,476,1,1party
588474,1,7200,7,Horní Lapač,7201,271,1,1party
588521,3,7200,9,Kostelany,7201,631,1,1party
588563,1,7200,7,Jarohněvice,7201,312,1,1party
588598,1,7200,7,Komárno,7201,287,1,1party
588636,1,7200,9,Kurovice,7201,261,1,1party
588695,2,7200,9,Litenčice,7201,481,1,1party
588750,1,7200,7,Míškovice,7201,644,1,1party
588784,1,7200,7,Němčice,7201,342,1,1party
588806,1,7200,7,Nítkovice,7201,237,1,1party
588954,1,7200,15,Roštín,7201,683,1,1party
588962,1,7200,15,Rusava,7201,578,1,1party
588997,1,7200,11,Slavkov pod Hostýnem,7201,639,1,1party
589004,3,7200,7,Soběsuky,7201,357,1,1party
589047,1,7200,7,Střížovice,7201,261,1,1party
589055,1,7200,7,Sulimov,7201,153,1,1party
589098,1,7200,9,Třebětice,7201,287,1,1party
589233,1,7200,9,Žeranovice,7201,778,1,1party
589276,2,7100,9,Bílovice-Lutotín,7103,523,1,1party
589331,1,7100,7,Březsko,7103,214,1,1party
589365,1,7100,7,Čehovice,7103,516,1,1party
589390,1,7100,7,Čelčice,7103,518,1,1party
589462,1,7100,11,Drahany,7103,539,1,1party
589489,1,7100,7,Dřevnovice,7103,474,1,1party
589497,1,7100,7,Dzbel,7103,247,1,1party
589535,1,7100,9,Hrdibořice,7103,212,1,1party
589594,1,7100,7,Kladky,7103,348,1,1party
589641,1,7100,9,Koválovice-Osíčany,7103,276,1,1party
589713,1,7100,9,Malé Hradisko,7103,370,1,1party
589772,1,7100,7,Niva,7103,322,1,1party
589829,2,7100,15,Olšany u Prostějova,7103,1764,1,1party
589837,1,7100,9,Ondratice,7103,353,1,1party
589853,1,7100,7,Otinoves,7103,278,1,1party
590045,1,7100,5,Srbce,7103,84,1,1party
590061,1,7100,5,Stínava,7103,157,1,1party
590096,1,7100,7,Šubířov,7103,236,1,1party
590100,1,7100,9,Tištín,7103,492,1,1party
590151,1,7100,7,Vitčice,7103,183,1,1party
590223,1,7100,7,Zdětín,7103,348,1,1party
590240,1,7100,15,Želeč,7103,549,1,1party
590274,1,6100,7,Babice,6104,201,1,1party
590282,1,6100,7,Bačice,6104,202,1,1party
590312,2,6100,7,Biskupice-Pulkov,6104,257,1,1party
590428,1,6100,7,Cidlina,6104,83,1,1party
590509,1,6100,7,Číměř,6104,197,1,1party
590550,1,6100,7,Dolní Vilémovice,6104,407,1,1party
590614,1,6100,7,Hluboké,6104,207,1,1party
590622,1,6100,7,Hodov,6104,306,1,1party
590649,1,6100,7,Horní Újezd,6104,267,1,1party
590665,1,6100,7,Hornice,6104,73,1,1party
590762,1,6100,7,Jasenice,6104,197,1,1party
590819,1,6100,5,Kdousov,6104,113,1,1party
590851,2,6100,7,Kojatice,6104,247,1,1party
590878,1,6100,7,Komárovice,6104,121,1,1party
590959,1,6100,7,Kramolín,6104,123,1,1party
590975,1,6100,7,Krokočín,6104,192,1,1party
590991,1,6100,7,Lesní Jakubov,6104,98,1,1party
591009,1,6100,7,Lesonice,6104,488,1,1party
591068,1,6100,7,Litovany,6104,136,1,1party
591238,1,6100,7,Nimpšov,6104,60,1,1party
591289,1,6100,7,Odunec,6104,91,1,1party
591378,1,6100,9,Petrůvky,6104,120,1,1party
591441,1,6100,9,Přešovice,6104,138,1,1party
591521,1,6100,7,Račice,6104,80,1,1party
591602,1,6100,5,Rohy,6104,114,1,1party
591726,1,6100,7,Smrk,6104,271,1,1party
591831,1,6100,7,Tasov,6105,670,1,1party
591963,1,6100,7,Zašovice,6104,118,1,1party
592153,1,7200,7,Drslavice,7202,523,1,1party
592196,1,7200,5,Hostějov,7202,40,1,1party
592307,1,7200,7,Košíky,7202,397,1,1party
592340,1,7200,7,Lopeník,7202,229,1,1party
592536,1,7200,9,Prakšice,7202,1030,1,1party
592579,1,7200,9,Slavkov,7202,655,1,1party
592587,1,7200,7,Staré Hutě,7202,129,1,1party
592650,1,7200,9,Sušice,7202,609,1,1party
592668,1,7200,7,Svárov,7202,231,1,1party
592803,1,7200,7,Veletiny,7202,549,1,1party
592838,1,7200,7,Vyškovec,7202,144,1,1party
592986,1,6200,7,Dobročkovice,6206,210,1,1party
593044,1,6200,9,Hodějice,6206,1000,0,1party
593184,1,6200,7,Kožušice,6206,114,1,1party
593192,1,6200,9,Krásensko,6206,415,1,1party
593231,1,6200,7,Křižanovice u Vyškova,6206,133,1,1party
593290,1,6200,7,Malínky,6206,145,1,1party
593427,1,6200,7,Nevojice,6206,413,1,1party
593443,1,6200,5,Nové Sady,6206,114,1,1party
593532,1,6200,9,Rašovice,6206,688,1,1party
593630,1,6200,7,Topolany,6206,345,1,1party
593681,1,6200,9,Velešovice,6206,1281,1,1party
593699,1,6200,11,Zbýšov,6206,671,1,1party
593761,1,6200,5,Blanné,6207,74,1,1party
593796,1,6200,7,Bojanovice,6207,187,1,1party
593800,1,6200,7,Borotice,6207,427,1,1party
593818,1,6200,7,Boskovštejn,6207,150,1,1party
593834,1,6200,7,Branišovice,6203,590,1,1party
593869,1,6200,7,Ctidružice,6207,304,1,1party
593885,1,6200,5,Čermákovice,6207,90,1,1party
593923,1,6200,7,Dobelice,6207,265,1,1party
593958,1,6200,7,Dolenice,6207,142,1,1party
594016,1,6200,7,Grešlové Mýto,6207,214,1,1party
594024,1,6200,7,Havraníky,6207,347,1,1party
594164,1,6200,7,Chvalatice,6207,107,1,1party
594288,1,6200,7,Křepice,6207,110,1,1party
594296,1,6200,5,Kubšice,6207,152,1,1party
594377,1,6200,7,Loděnice,6203,530,1,1party
594385,1,6200,5,Lubnice,6207,64,1,1party
594393,1,6200,7,Lukov,6207,250,1,1party
594571,1,6200,9,Oleksovice,6207,686,1,1party
594598,1,6200,7,Oslnovice,6207,82,1,1party
594601,1,6200,9,Pavlice,6207,476,1,1party
594628,1,6200,7,Plaveč,6207,449,1,1party
594652,1,6200,7,Podmyče,6207,99,1,1party
594695,1,6200,5,Prokopov,6207,92,1,1party
594784,1,6200,7,Slup,6207,475,1,1party
594792,1,6200,7,Stálky,6207,122,1,1party
594865,1,6200,7,Šafov,6207,139,1,1party
595012,1,6200,5,Újezd,6207,78,1,1party
595071,1,6200,11,Višňové,6207,1068,1,1party
595136,1,6200,7,Výrovice,6207,173,1,1party
595152,1,6200,6,Zálesí,6207,170,1,1party
595161,1,6200,7,Zblovice,6207,42,1,1party
595195,1,6200,7,Žerůtky,6207,261,1,1party
595217,1,6100,7,Baliny,6105,123,1,1party
595284,1,6100,9,Bohdalec,6105,281,1,1party
595306,1,6100,7,Bohuňov,6105,257,1,1party
595349,1,6100,5,Březejc,6105,133,1,1party
595420,1,6100,7,Býšovec,6105,166,1,1party
595438,1,6100,7,Černá,6105,302,1,1party
595519,1,6100,7,Dolní Libochová,6105,151,1,1party
595578,1,6100,7,Fryšava pod Žákovou horou,6105,336,1,1party
595713,1,6100,7,Chlumek,6105,167,1,1party
595802,1,6100,7,Jívoví,6105,285,1,1party
595829,1,6100,7,Kadov,6105,149,1,1party
595837,1,6200,7,Kaly,6203,275,1,1party
595845,1,6100,7,Karlov,6105,108,1,1party
595888,1,6100,7,Kozlov,6105,192,1,1party
595951,1,6100,15,Křoví,6105,593,1,1party
596001,1,6100,5,Kyjov,6105,41,1,1party
596035,1,6100,7,Lhotka,6105,220,1,1party
596060,1,6100,7,Líšná,6105,59,1,1party
596108,1,6100,7,Matějov,6105,214,1,1party
596264,1,6100,7,Nový Jimramov,6105,67,1,1party
596281,1,6100,7,Obyčtov,6105,418,1,1party
596396,1,6100,7,Pavlov,6105,331,1,1party
596418,1,6100,9,Petráveč,6105,248,1,1party
596469,1,6100,7,Podolí,6105,95,1,1party
596477,1,6100,7,Pokojov,6105,155,1,1party
596612,2,6100,11,Rovečné,6105,627,1,1party
596671,1,6100,7,Rudolec,6105,208,1,1party
596698,1,6200,5,Řikonín,6203,40,1,1party
596736,1,6100,7,Sklené,6105,112,1,1party
596744,1,6100,7,Sklené nad Oslavou,6105,233,1,1party
596752,1,6100,5,Skorotice,6105,131,1,1party
596809,1,6100,7,Strachujov,6105,134,1,1party
596833,1,6100,7,Sulkovec,6105,173,1,1party
596841,1,6100,9,Světnov,6105,467,1,1party
596850,1,6100,5,Sviny,6105,101,1,1party
596990,1,6100,7,Velké Janovice,6105,119,1,1party
597198,1,8100,7,Bílčice,8101,230,1,1party
597431,1,8100,5,Janov,8101,300,1,1party
597473,1,8100,7,Karlova Studánka,8101,182,1,1party
597538,1,8100,7,Křišťanovice,8101,256,1,1party
597546,1,8100,9,Leskovec nad Moravicí,8101,412,1,1party
597724,1,8100,7,Razová,8101,531,1,1party
597899,1,8100,9,Široká Niva,8101,554,1,1party
598232,1,8100,7,Hrčava,8102,262,1,1party
598267,1,2100,7,Modletice,2109,559,1,1party
598283,1,2100,7,Sedlec,2109,357,1,1party
598330,1,2100,7,Tušovice,2111,110,1,1party
598364,1,8100,7,Lhotka,8102,531,1,1party
598372,1,2100,7,Ostrov,2111,129,1,1party
598381,1,2100,7,Dubenec,2111,366,1,1party
598496,1,2100,7,Šípy,2112,163,1,1party
598500,1,2100,5,Krty,2112,119,1,1party
598577,1,2100,7,Přerubenice,2112,71,1,1party
598585,1,2100,5,Nezabudice,2112,74,1,1party
598615,1,3100,5,Modrá Hůrka,3101,86,1,1party
598640,1,3100,5,Vlčetínec,3103,47,1,1party
598658,1,3100,5,Horní Meziříčko,3103,115,1,1party
598666,1,6100,7,Zlátenka,6103,47,1,1party
598704,1,6100,11,Čížkov,6103,136,1,1party
598721,1,6100,7,Libkova Voda,6103,241,1,1party
598763,1,6100,7,Svépravice,6103,115,1,1party
598771,1,6100,7,Syrov,6103,50,1,1party
598844,1,3100,5,Vlastec,3104,214,1,1party
598852,1,3100,7,Vlksice,3104,150,1,1party
598887,1,3100,7,Pivkovice,3106,78,1,1party
599166,1,3200,7,Němčice,3201,137,1,1party
599255,1,3100,7,Mezná,3107,96,1,1party
599263,1,3100,7,Sedlečko u Soběslavě,3107,142,1,1party
599298,1,2100,7,Drahenice,2111,160,1,1party
599301,1,2100,5,Černíky,2108,134,1,1party
599387,1,2100,9,Soutice,2101,251,1,1party
599417,1,2100,7,Železná,2102,274,1,1party
599441,1,2100,7,Stradonice,2103,128,1,1party
599450,1,2100,7,Grunta,2104,83,1,1party
599476,1,2100,5,Církvice,2104,146,1,1party
599484,1,2100,5,Krychnov,2104,105,1,1party
599522,1,2100,7,Husí Lhota,2107,155,1,1party
599573,1,2100,7,Sezemice,2107,114,1,1party
599581,1,2100,7,Jiřice,2108,235,1,1party
599590,1,2100,7,Podmoky,2108,193,1,1party
599646,1,8100,7,Luboměř,8104,368,1,1party
599671,1,2100,5,Čilec,2108,239,1,1party
599719,1,2100,7,Tehovec,2109,607,1,1party
599778,1,3100,7,Závraty,3101,42,1,1party
